-- phpMyAdmin SQL Dump
-- version 5.2.1
-- https://www.phpmyadmin.net/
--
-- Hôte : mysql
-- Généré le : jeu. 05 déc. 2024 à 15:49
-- Version du serveur : 8.0.33
-- Version de PHP : 8.2.8

SET FOREIGN_KEY_CHECKS=0;
SET SQL_MODE = "NO_AUTO_VALUE_ON_ZERO";
START TRANSACTION;
SET time_zone = "+00:00";


/*!40101 SET @OLD_CHARACTER_SET_CLIENT=@@CHARACTER_SET_CLIENT */;
/*!40101 SET @OLD_CHARACTER_SET_RESULTS=@@CHARACTER_SET_RESULTS */;
/*!40101 SET @OLD_COLLATION_CONNECTION=@@COLLATION_CONNECTION */;
/*!40101 SET NAMES utf8mb4 */;

--
-- Base de données : `learnagement`
--

--
-- Déchargement des données de la table `APC_apprentissage_critique`
--

INSERT INTO `APC_apprentissage_critique` (`id_apprentissage_critique`, `id_niveau`, `libelle_apprentissage`) VALUES
(1, 1, 'Concevoir, gérer et utiliser une base de données (INFO502 BD, APP : PROJ531)'),
(2, 1, 'Concevoir et implémenter une application orientée objet de petite taille (<10classes) (INFO641)'),
(3, 1, 'Résoudre un problème en implémentant un algorithme dans un programme informatique (INFO501)'),
(4, 1, 'Mettre en œuvre une architecture client-serveur 3-tiers (INFO632 OS+Virtu)'),
(5, 1, 'Concevoir et implémenter une application web de rendu de données / intégrant une BD (INFO633 Web+BD) '),
(7, 2, 'Définir les caractéristiques techniques et fonctionnelles d\'un système N-tiers (INFO833, INFO734_IDU)'),
(8, 2, 'Spécifier et concevoir un logiciel (INFO732)'),
(9, 2, 'Intégrer la dimension qualité et intégration continue dans le développement logiciel (INFO832)'),
(10, 2, 'Choisir une méthode de développement adaptée (INFO734)'),
(13, 3, 'Définir et mettre en œuvre une architecture de système logiciel de donnée massives(DATA831)\r\n'),
(14, 3, 'Caractériser et choisir les solutions logicielles et systèmes adaptées aux besoins (INFO932)'),
(15, 3, 'S\'assurer de la sûreté, la fiabilité et la sécurité du système, du traitement et des données (INFO731)'),
(16, 3, 'Concevoir des applications et architectures multitâches et distribuées (INFO833)'),
(17, 3, 'Évaluer et optimiser les performances opérationnelles et énergétiques d\'un système logiciel'),
(34, 4, 'Acquérir des données provenant d’Internet (APP : PROJ531)'),
(35, 4, 'Récupérer des données provenant d’un dépôt de données structurées (INFO502, INFO633)'),
(36, 4, 'Organiser des données selon des structures de graphe  (MATH531 , PROJ631)'),
(37, 4, 'Mobiliser des outils mathématiques (MATH500, MATH501, MATH641)'),
(38, 4, 'Déployer les bases de la logique et de l’IA (INFO631)'),
(39, 4, 'Visualiser les données (INFO633)'),
(40, 5, 'Évaluer la qualité de la donnée (INFO832)'),
(41, 5, 'Répartir les fonctionnalités (acquisition, stockage, traitements, visualisation...) sur un système N-Tieris (INFO834)'),
(42, 5, 'Déployer des traitements distribués (INFO743, INFO731)'),
(43, 5, 'Mobiliser des outils stochastiques (DATA731, MATH741)'),
(44, 5, 'Développer des rendus visuels divers, en vue d’une aide à la décision (DATA732, INFO734, INFO831)'),
(45, 5, 'Déployer des outils d’IA (DATA832, DATA931)'),
(46, 5, 'Concevoir et mettre en œuvre une base de données NoSQL (INFO834)'),
(47, 6, 'Mettre en œuvre des traitements big data (cloud, batch, flux..) (DATA831, INFO932, PROJ832)'),
(48, 6, 'Développer des traitements distribués (INFO833, INFO932)'),
(49, 6, 'Développer des rendus visuels divers, en vue d’une aide à la décision multi-critères (INFO931)'),
(50, 6, 'Intégrer des solutions issues de la recherche (ISOC931, PROJ901)'),
(51, 6, 'Caractériser et choisir une représentation de données et les traitements adaptés dans un contexte de big data (INFO834)'),
(52, 7, 'Lier des problématique techniques au problématique societales (ISOC 531)'),
(53, 7, 'Construire des API de Plateformes numériques (ISOC 631)'),
(54, 7, 'Prendre en compte l’importance stratégique de la donnée (ISOC 631)'),
(55, 7, 'Intégrer à la démarche d’ingénierie la dimension étique et de développement durable (ISOC 531, ISOC 631, DDRS501)'),
(56, 8, 'Intégrer le cadre légal et réglementaire du traitement de données  (ISOC 731)'),
(57, 8, 'Analyser et maîtriser les exigences du RGPD et du droit de la propriété (ISOC 731, INFO731)'),
(58, 8, 'Intégrer les dimension économie de la donnée (valeur de la données, utilisation par les entreprise du numerique, mise en place business plan) (ISOC731)'),
(59, 9, 'Identifier les risques de sécurité informatique sur les système et les données (fuite de données) (INFO731, PROJ931)'),
(60, 9, 'Mettre en place les élément de sécurité et de cryptographie (INFO731, PROJ931)'),
(61, 9, 'Intégrer l’intermédiation dans la conception des système numérique (INFO731, PROJ931)'),
(62, 9, 'Comprendre les effets réseaux dans le développement des plateforme numérique (ISOC631)'),
(63, 9, 'Expliquer les flux, stockage, sécurisation de la données au sein des entreprises (PROJ931)'),
(64, 10, 'Définir  un projet, ses objectifs, ses acteur et les outils de gestion de projet (PROJ531)'),
(65, 10, 'Mettre en œuvre une méthode de gestion de projet informatique et des outils collaboratifs associés (PROJ531)'),
(66, 10, 'Mettre en œuvre des outils de planification et de suivi de projet  (PROJ531)'),
(67, 10, 'Évaluer la rentabilité des projets (SHES601)'),
(68, 10, 'Concevoir les bases d\'une stratégie d\'entreprise (SHES505)'),
(69, 10, 'Comprendre les lois et réglementations qui régissent leur domaine d\'expertise (SHES602)'),
(70, 11, 'Analyser les besoins, identifier les contraintes et élaborer un cahier des charges (INFO731)'),
(71, 11, 'Animer les réunions et organiser le travail pour clarifier les attendus (SHES703)'),
(72, 11, 'Identifier et évaluer les risques triviaux d\'un projet (SHES802)'),
(73, 11, 'Utiliser les techniques de créativité pour apporter des solutions originales (SHES704)'),
(74, 11, 'Analyser et évaluer les structures et les processus organisationnels (SHES803)'),
(75, 11, 'Communiquer avec différentes cultures LANGXXX'),
(76, 12, 'Utiliser des méthodes de management pour la motivation en projet (SHES 901)'),
(77, 12, 'Manager des équipes projet (gestion des organisations, résistance au changement…) (SHES803, SHES901)'),
(78, 12, 'Évaluer l\'impact du projet en interne et en externe (responsabilité sociétale et environnementale, stratégie de l\'entreprise…) (DDRS ???, SHES802)');

--
-- Déchargement des données de la table `APC_competence`
--

INSERT INTO `APC_competence` (`id_competence`, `libelle_competence`, `code_competence`, `description`) VALUES
(1, 'Concevoir et mettre en œuvre des systèmes informatiques', 'COMP_IDU1', NULL),
(2, 'Collecter et traiter des données numériques', 'COMP_IDU2', NULL),
(3, 'Gérer les usages des données numériques en lien avec le client', 'COMP_IDU3', NULL),
(4, 'Gérer un projet informatique', 'COMP_IDU4', NULL);

--
-- Déchargement des données de la table `APC_composante_essentielle`
--

INSERT INTO `APC_composante_essentielle` (`id_composante_essentielle`, `id_competence`, `libelle_composante_essentielle`) VALUES
(1, 1, 'En satisfaisant les besoins de l\'utilisateur avec une solution adaptée'),
(2, 1, 'En utilisant des méthodes et outils assurant la qualité du système (développement logiciel, gestion de projet informatique, standards qualité, sûreté, sécurité, amélioration continue)'),
(3, 1, 'En adoptant une approche systémique (aspects matériels et logiciels)'),
(4, 1, 'En communiquant de manière professionnelle (écrit, oral)'),
(5, 2, 'En utilisant de multiples outils d’acquisition  (scraping, des api web ou des dépôts de données structurées ou non)'),
(6, 2, 'En déployant des processus adaptés (mesure de la qualité, analyses statistiques, IA, rendus visuels...)'),
(7, 2, 'En déployant des analyses et visuels dans un but décisionnel '),
(8, 2, 'En gérant un stockage adéquat de la donnée'),
(9, 2, 'En respectant les réglementations légales '),
(13, 3, 'En respectant les réglementations en vigueur (RGPD, licences, ...)'),
(14, 3, 'En communiquant de manière professionnelle (oral, écrit)'),
(15, 3, 'En dimensionnant les solutions aux besoins'),
(16, 4, 'En exerçant un management opérationnel et stratégique'),
(17, 4, 'En coopérant avec des acteurs de professions et cultures différentes'),
(18, 4, 'En développant l\'initiative, l\'autonomie et l\'esprit d\'entreprenariat'),
(19, 4, 'En prenant en compte la dimension développement durable et RSE'),
(20, 4, 'En intégrant l’état de l’art des connaissances et des pratiques'),
(21, 4, 'En utilisant des méthodes et outils de gestion et de suivi du projet');

--
-- Déchargement des données de la table `APC_niveau`
--

INSERT INTO `APC_niveau` (`id_niveau`, `id_competence`, `niveau`, `libelle_niveau`) VALUES
(1, 1, 1, 'Pour une application simple 3-tiers intégrant une base de données et programmée en langage procédural ou objet'),
(2, 1, 2, 'Pour une application N-tiers intégrant une base de données et programmée en langage objet et respectant les normes de qualité logiciel  '),
(3, 1, 3, 'Pour une application traitant des données du BigData'),
(4, 2, 1, 'Pour des données simples, en petites quantités (<1000 tuples, <20 caractéristique, traitable en temps réel sur un PC de type bureautique)'),
(5, 2, 2, 'Pour de grandes quantités de données nécessitant une ou plusieurs stations de calculs intensifs'),
(6, 2, 3, 'Pour des données nécessitant des techniques de BigData (en volume, vélocité ou variété)'),
(7, 3, 1, 'Appréhender les enjeux sociaux de la donnée'),
(8, 3, 2, 'Intégrer le caractère socio-économique de la donnée'),
(9, 3, 3, 'Protéger la donnée et les systèmes informatiques'),
(10, 4, 1, 'Dans un cas simple, à partir d\'un cahier des charges donné'),
(11, 4, 2, 'De façon semi-autonome à partir des besoins, dans un contexte socio-économique et culturel international'),
(12, 4, 3, 'Dans un contexte autonome de d\'amélioration, d\'innovation ou de recherche');

--
-- Déchargement des données de la table `APC_situation_professionnelle`
--

INSERT INTO `APC_situation_professionnelle` (`id_situation_professionnelle`, `id_competence`, `libelle_situation`) VALUES
(1, 1, 'Ingénieur DevOps, Architecte big data, Architecte SI, Ingénieur d’études / Recherche et Développement'),
(2, 1, 'ISOC831 Dimension Métier  (présentation de situation professionnelles par des entreprises.)'),
(3, 2, 'DATA Engineer, DATA Analyst, Data scientist'),
(4, 2, 'ISOC831 Dimension Métier (présentation de situation professionnelles par des entreprises.)'),
(5, 3, 'Dev Front, Entreprenariat, Ingénieur sécu, Data Architecte'),
(6, 3, 'ISOC831 Dimension Métier (présentation de situation professionnelles par des entreprises.)'),
(7, 4, 'Conduite de projet informatique'),
(8, 4, 'ISOC831 Dimension Métier (présentation de situation professionnelles par des entreprises.)');

--
-- Déchargement des données de la table `CLASS_session_to_be_affected`
--

INSERT INTO `CLASS_session_to_be_affected` (`id_seance_to_be_affected`, `id_module_sequence`, `id_groupe`) VALUES
(10, 1, 1),
(1, 1, 12),
(22, 1, 15),
(1295, 1, 58),
(1298, 1, 62),
(11, 2, 1),
(2, 2, 12),
(23, 2, 15),
(1296, 2, 58),
(1299, 2, 62),
(12, 3, 1),
(3, 3, 12),
(24, 3, 15),
(1297, 3, 58),
(1300, 3, 62),
(13, 4, 4),
(4, 4, 13),
(25, 4, 16),
(26, 4, 17),
(27, 4, 18),
(1301, 4, 59),
(1304, 4, 63),
(1307, 4, 64),
(14, 5, 4),
(5, 5, 13),
(28, 5, 16),
(29, 5, 17),
(30, 5, 18),
(1302, 5, 59),
(1305, 5, 63),
(1308, 5, 64),
(15, 6, 4),
(6, 6, 13),
(31, 6, 16),
(32, 6, 17),
(33, 6, 18),
(1303, 6, 59),
(1306, 6, 63),
(1309, 6, 64),
(16, 7, 7),
(17, 7, 8),
(7, 7, 14),
(34, 7, 19),
(35, 7, 20),
(36, 7, 21),
(37, 7, 22),
(38, 7, 23),
(39, 7, 24),
(1310, 7, 60),
(1313, 7, 61),
(1316, 7, 65),
(1319, 7, 66),
(1322, 7, 67),
(1325, 7, 68),
(18, 8, 7),
(19, 8, 8),
(8, 8, 14),
(40, 8, 19),
(41, 8, 20),
(42, 8, 21),
(43, 8, 22),
(44, 8, 23),
(45, 8, 24),
(1311, 8, 60),
(1314, 8, 61),
(1317, 8, 65),
(1320, 8, 66),
(1323, 8, 67),
(1326, 8, 68),
(20, 9, 7),
(21, 9, 8),
(9, 9, 14),
(46, 9, 19),
(47, 9, 20),
(48, 9, 21),
(49, 9, 22),
(50, 9, 23),
(51, 9, 24),
(1312, 9, 60),
(1315, 9, 61),
(1318, 9, 65),
(1321, 9, 66),
(1324, 9, 67),
(1327, 9, 68),
(52, 10, 2),
(53, 11, 2),
(59, 12, 5),
(60, 13, 5),
(1045, 14, 9),
(1047, 14, 10),
(54, 15, 2),
(55, 16, 2),
(61, 17, 5),
(62, 18, 5),
(63, 19, 5),
(1046, 20, 9),
(1048, 20, 10),
(56, 21, 2),
(64, 22, 5),
(57, 23, 2),
(58, 24, 2),
(65, 25, 5),
(66, 26, 5),
(71, 27, 5),
(72, 28, 5),
(73, 29, 1),
(74, 30, 1),
(75, 31, 1),
(76, 32, 1),
(77, 33, 1),
(78, 34, 1),
(79, 35, 1),
(80, 36, 1),
(81, 37, 4),
(82, 38, 4),
(83, 39, 4),
(84, 40, 4),
(85, 41, 4),
(86, 42, 4),
(87, 44, 4),
(88, 45, 4),
(89, 46, 7),
(90, 46, 8),
(91, 47, 7),
(92, 47, 8),
(93, 48, 7),
(94, 48, 8),
(95, 49, 7),
(96, 49, 8),
(1034, 50, 4),
(1035, 51, 4),
(106, 52, 4),
(107, 53, 4),
(108, 54, 4),
(109, 55, 4),
(110, 56, 4),
(111, 57, 4),
(112, 58, 4),
(113, 59, 4),
(114, 60, 4),
(115, 61, 4),
(1031, 62, 4),
(120, 63, 4),
(121, 64, 4),
(122, 65, 4),
(123, 66, 4),
(124, 67, 4),
(125, 68, 4),
(126, 69, 4),
(135, 70, 1),
(136, 71, 1),
(137, 72, 1),
(138, 73, 1),
(139, 74, 1),
(140, 75, 1),
(141, 76, 1),
(142, 77, 4),
(143, 78, 4),
(144, 79, 4),
(145, 80, 4),
(146, 81, 4),
(147, 82, 4),
(148, 83, 4),
(149, 86, 7),
(150, 86, 8),
(151, 87, 7),
(152, 87, 8),
(153, 88, 7),
(154, 88, 8),
(155, 89, 7),
(156, 89, 8),
(157, 90, 7),
(158, 90, 8),
(1044, 91, 2),
(303, 92, 2),
(304, 93, 2),
(305, 94, 2),
(306, 95, 2),
(307, 96, 2),
(308, 97, 2),
(309, 98, 2),
(311, 99, 2),
(312, 100, 5),
(313, 101, 5),
(314, 102, 5),
(315, 103, 5),
(316, 104, 5),
(317, 105, 5),
(318, 106, 5),
(319, 107, 5),
(320, 108, 5),
(176, 109, 1),
(159, 109, 12),
(193, 109, 15),
(1246, 109, 58),
(1254, 109, 62),
(177, 110, 1),
(160, 110, 12),
(194, 110, 15),
(1247, 110, 58),
(1255, 110, 62),
(178, 111, 1),
(161, 111, 12),
(195, 111, 15),
(1248, 111, 58),
(1256, 111, 62),
(179, 112, 1),
(162, 112, 12),
(196, 112, 15),
(1249, 112, 58),
(1257, 112, 62),
(180, 113, 1),
(163, 113, 12),
(197, 113, 15),
(1250, 113, 58),
(1258, 113, 62),
(181, 114, 1),
(164, 114, 12),
(198, 114, 15),
(1251, 114, 58),
(1259, 114, 62),
(182, 115, 1),
(165, 115, 12),
(199, 115, 15),
(1252, 115, 58),
(1260, 115, 62),
(183, 122, 4),
(166, 122, 13),
(200, 122, 16),
(210, 122, 17),
(220, 122, 18),
(1262, 122, 59),
(1269, 122, 63),
(1276, 122, 64),
(184, 123, 4),
(167, 123, 13),
(201, 123, 16),
(211, 123, 17),
(221, 123, 18),
(1263, 123, 59),
(1270, 123, 63),
(1277, 123, 64),
(185, 124, 4),
(168, 124, 13),
(202, 124, 16),
(212, 124, 17),
(222, 124, 18),
(1264, 124, 59),
(1271, 124, 63),
(1278, 124, 64),
(186, 125, 4),
(169, 125, 13),
(203, 125, 16),
(213, 125, 17),
(223, 125, 18),
(1265, 125, 59),
(1272, 125, 63),
(1279, 125, 64),
(187, 126, 4),
(170, 126, 13),
(204, 126, 16),
(214, 126, 17),
(224, 126, 18),
(1266, 126, 59),
(1273, 126, 63),
(1280, 126, 64),
(188, 127, 4),
(171, 127, 13),
(205, 127, 16),
(215, 127, 17),
(225, 127, 18),
(1267, 127, 59),
(1274, 127, 63),
(1281, 127, 64),
(189, 128, 4),
(172, 128, 13),
(206, 128, 16),
(216, 128, 17),
(226, 128, 18),
(1283, 128, 59),
(1287, 128, 63),
(1291, 128, 64),
(190, 129, 4),
(173, 129, 13),
(207, 129, 16),
(217, 129, 17),
(227, 129, 18),
(1284, 129, 59),
(1288, 129, 63),
(1292, 129, 64),
(191, 130, 4),
(174, 130, 13),
(208, 130, 16),
(218, 130, 17),
(228, 130, 18),
(1285, 130, 59),
(1289, 130, 63),
(1293, 130, 64),
(192, 131, 4),
(175, 131, 13),
(209, 131, 16),
(219, 131, 17),
(229, 131, 18),
(1286, 131, 59),
(1290, 131, 63),
(1294, 131, 64),
(230, 132, 1),
(231, 133, 1),
(232, 134, 1),
(233, 135, 1),
(234, 136, 1),
(235, 137, 1),
(236, 138, 1),
(237, 139, 1),
(238, 140, 1),
(239, 141, 4),
(240, 142, 4),
(241, 143, 4),
(242, 144, 4),
(243, 145, 4),
(244, 146, 4),
(245, 147, 4),
(246, 148, 4),
(247, 149, 4),
(248, 150, 4),
(249, 151, 4),
(250, 152, 4),
(251, 153, 4),
(252, 154, 4),
(253, 155, 4),
(254, 156, 7),
(255, 156, 8),
(256, 159, 2),
(257, 160, 2),
(258, 161, 2),
(259, 164, 9),
(262, 164, 10),
(260, 165, 9),
(263, 165, 10),
(261, 166, 9),
(264, 166, 10),
(265, 167, 2),
(266, 185, 2),
(275, 186, 5),
(267, 187, 2),
(276, 188, 5),
(279, 189, 5),
(271, 190, 5),
(272, 191, 5),
(280, 192, 5),
(268, 193, 2),
(277, 194, 5),
(269, 195, 2),
(278, 196, 5),
(281, 197, 5),
(273, 198, 5),
(274, 199, 5),
(282, 200, 5),
(270, 201, 2),
(283, 202, 2),
(290, 203, 5),
(284, 204, 2),
(291, 205, 5),
(296, 206, 9),
(299, 206, 10),
(285, 207, 2),
(292, 208, 5),
(286, 209, 2),
(293, 210, 5),
(297, 211, 9),
(300, 211, 10),
(294, 212, 5),
(287, 213, 2),
(288, 214, 2),
(295, 215, 5),
(298, 216, 9),
(301, 216, 10),
(289, 217, 2),
(310, 218, 2),
(414, 219, 2),
(415, 239, 2),
(416, 240, 2),
(417, 241, 2),
(418, 242, 2),
(419, 243, 2),
(420, 244, 2),
(422, 245, 5),
(423, 246, 5),
(424, 247, 5),
(425, 248, 5),
(426, 249, 5),
(427, 250, 5),
(428, 251, 5),
(429, 252, 5),
(430, 253, 5),
(431, 254, 9),
(434, 254, 10),
(432, 255, 9),
(435, 255, 10),
(433, 256, 9),
(436, 256, 10),
(421, 257, 2),
(445, 258, 2),
(446, 259, 2),
(450, 260, 5),
(451, 261, 5),
(455, 262, 9),
(461, 262, 10),
(456, 263, 9),
(462, 263, 10),
(447, 264, 2),
(448, 265, 2),
(452, 266, 5),
(453, 267, 5),
(457, 268, 9),
(463, 268, 10),
(449, 269, 2),
(454, 270, 5),
(458, 271, 9),
(464, 271, 10),
(459, 272, 9),
(465, 272, 10),
(460, 273, 9),
(466, 273, 10),
(476, 274, 2),
(479, 275, 3),
(480, 276, 3),
(487, 277, 6),
(488, 278, 6),
(495, 279, 6),
(481, 280, 3),
(482, 281, 3),
(489, 282, 6),
(490, 283, 6),
(496, 284, 6),
(483, 285, 3),
(484, 286, 3),
(491, 287, 6),
(492, 288, 6),
(497, 289, 6),
(485, 290, 3),
(486, 291, 3),
(493, 292, 6),
(494, 293, 6),
(498, 294, 6),
(510, 295, 3),
(520, 296, 6),
(511, 297, 3),
(515, 298, 6),
(512, 299, 3),
(521, 300, 6),
(513, 301, 3),
(516, 302, 6),
(522, 303, 6),
(523, 304, 6),
(517, 305, 6),
(518, 306, 6),
(524, 307, 6),
(514, 308, 3),
(519, 309, 6),
(525, 310, 6),
(541, 311, 3),
(549, 312, 6),
(542, 313, 3),
(550, 314, 6),
(557, 315, 11),
(543, 316, 3),
(551, 317, 6),
(544, 318, 3),
(552, 319, 6),
(558, 320, 11),
(545, 321, 3),
(553, 322, 6),
(546, 323, 3),
(554, 324, 6),
(559, 325, 11),
(547, 326, 3),
(555, 327, 6),
(548, 328, 3),
(556, 329, 6),
(560, 330, 11),
(572, 331, 3),
(576, 332, 6),
(573, 333, 3),
(577, 334, 6),
(578, 335, 6),
(584, 336, 11),
(579, 337, 6),
(585, 338, 11),
(580, 339, 6),
(581, 340, 6),
(586, 341, 11),
(574, 342, 3),
(582, 343, 6),
(575, 344, 3),
(583, 345, 6),
(587, 346, 11),
(588, 347, 11),
(603, 348, 11),
(1051, 349, 11),
(605, 350, 11),
(606, 351, 11),
(607, 352, 11),
(608, 353, 11),
(609, 354, 11),
(610, 355, 11),
(611, 356, 11),
(612, 357, 11),
(613, 358, 11),
(618, 359, 2),
(619, 360, 2),
(620, 361, 2),
(626, 362, 9),
(632, 362, 10),
(627, 363, 9),
(633, 363, 10),
(621, 364, 2),
(622, 365, 2),
(623, 366, 2),
(628, 367, 9),
(634, 367, 10),
(629, 368, 9),
(635, 368, 10),
(630, 369, 9),
(636, 369, 10),
(624, 370, 2),
(631, 371, 9),
(637, 371, 10),
(625, 372, 2),
(649, 413, 2),
(650, 414, 2),
(658, 415, 5),
(651, 416, 2),
(652, 417, 2),
(659, 418, 5),
(653, 419, 2),
(660, 420, 5),
(654, 421, 2),
(661, 422, 5),
(662, 423, 5),
(655, 424, 2),
(663, 425, 5),
(656, 426, 2),
(664, 427, 5),
(665, 428, 5),
(896, 428, 9),
(897, 428, 10),
(666, 429, 5),
(1039, 430, 9),
(1041, 430, 10),
(657, 431, 2),
(667, 432, 5),
(680, 433, 2),
(685, 434, 5),
(681, 435, 2),
(686, 436, 5),
(682, 437, 2),
(687, 438, 5),
(683, 439, 2),
(688, 440, 5),
(689, 441, 9),
(695, 441, 10),
(690, 442, 9),
(696, 442, 10),
(691, 443, 9),
(697, 443, 10),
(692, 444, 9),
(698, 444, 10),
(693, 445, 9),
(699, 445, 10),
(694, 446, 9),
(700, 446, 10),
(684, 447, 2),
(711, 448, 2),
(712, 449, 2),
(713, 450, 5),
(714, 451, 5),
(715, 452, 5),
(716, 453, 5),
(717, 454, 5),
(726, 456, 2),
(727, 457, 2),
(734, 458, 5),
(728, 459, 2),
(735, 460, 5),
(729, 461, 2),
(736, 462, 5),
(730, 463, 2),
(737, 464, 5),
(731, 465, 2),
(738, 466, 5),
(739, 467, 5),
(740, 468, 5),
(741, 469, 5),
(742, 470, 5),
(732, 471, 2),
(733, 472, 2),
(757, 473, 2),
(758, 474, 2),
(765, 475, 5),
(759, 476, 2),
(760, 477, 2),
(761, 478, 2),
(762, 479, 2),
(766, 480, 5),
(767, 481, 5),
(768, 482, 5),
(769, 483, 5),
(770, 484, 5),
(763, 485, 2),
(764, 486, 2),
(772, 487, 2),
(773, 488, 2),
(782, 489, 5),
(774, 490, 2),
(775, 491, 2),
(783, 492, 5),
(776, 493, 2),
(777, 494, 2),
(784, 495, 5),
(778, 496, 2),
(779, 497, 2),
(785, 498, 5),
(780, 499, 2),
(781, 500, 2),
(786, 501, 5),
(787, 502, 5),
(788, 503, 5),
(898, 503, 9),
(899, 503, 10),
(789, 504, 5),
(790, 505, 5),
(791, 506, 9),
(792, 506, 10),
(803, 507, 1),
(810, 508, 4),
(804, 509, 1),
(811, 510, 4),
(805, 511, 1),
(812, 512, 4),
(819, 513, 7),
(823, 513, 8),
(806, 514, 1),
(813, 515, 4),
(807, 516, 1),
(814, 517, 4),
(808, 518, 1),
(815, 519, 4),
(809, 520, 1),
(816, 521, 4),
(820, 522, 7),
(824, 522, 8),
(821, 523, 7),
(825, 523, 8),
(817, 524, 4),
(822, 525, 7),
(826, 525, 8),
(818, 526, 4),
(834, 549, 1),
(843, 550, 4),
(835, 551, 1),
(844, 552, 4),
(836, 553, 1),
(845, 554, 4),
(837, 555, 1),
(846, 556, 4),
(853, 557, 7),
(856, 557, 8),
(838, 558, 1),
(847, 559, 4),
(839, 560, 1),
(848, 561, 4),
(840, 562, 1),
(841, 563, 1),
(849, 564, 4),
(850, 565, 4),
(842, 566, 1),
(851, 567, 4),
(852, 568, 4),
(854, 569, 7),
(857, 569, 8),
(855, 570, 7),
(858, 570, 8),
(862, 571, 1),
(1024, 571, 12),
(1025, 571, 15),
(1328, 571, 58),
(1329, 571, 62),
(900, 572, 2),
(901, 573, 2),
(905, 574, 2),
(859, 578, 32),
(860, 579, 33),
(861, 579, 34),
(904, 580, 5),
(69, 580, 9),
(70, 580, 10),
(903, 581, 5),
(67, 581, 9),
(68, 581, 10),
(1037, 582, 4),
(1036, 583, 4),
(1033, 584, 4),
(1032, 585, 4),
(105, 586, 4),
(104, 587, 4),
(119, 588, 4),
(906, 589, 5),
(902, 590, 2),
(302, 591, 2),
(1049, 592, 2),
(604, 593, 11),
(1050, 594, 11),
(895, 595, 5),
(668, 595, 9),
(669, 595, 10),
(1038, 596, 9),
(1040, 596, 10),
(1042, 597, 9),
(1043, 597, 10),
(866, 598, 39),
(865, 599, 39),
(864, 600, 39),
(863, 601, 39),
(872, 602, 40),
(878, 602, 41),
(871, 603, 40),
(877, 603, 41),
(870, 604, 40),
(876, 604, 41),
(869, 605, 40),
(875, 605, 41),
(868, 606, 40),
(874, 606, 41),
(867, 607, 40),
(873, 607, 41),
(882, 608, 42),
(886, 608, 43),
(890, 608, 44),
(894, 608, 45),
(881, 609, 42),
(885, 609, 43),
(889, 609, 44),
(893, 609, 45),
(880, 610, 42),
(884, 610, 43),
(888, 610, 44),
(892, 610, 45),
(879, 611, 42),
(883, 611, 43),
(887, 611, 44),
(891, 611, 45),
(924, 643, 32),
(923, 644, 32),
(922, 645, 32),
(929, 646, 33),
(934, 646, 34),
(928, 647, 33),
(933, 647, 34),
(927, 648, 33),
(932, 648, 34),
(926, 649, 33),
(931, 649, 34),
(925, 650, 33),
(930, 650, 34),
(940, 651, 35),
(946, 651, 36),
(952, 651, 37),
(958, 651, 38),
(939, 652, 35),
(945, 652, 36),
(951, 652, 37),
(957, 652, 38),
(938, 653, 35),
(944, 653, 36),
(950, 653, 37),
(956, 653, 38),
(937, 654, 35),
(943, 654, 36),
(949, 654, 37),
(955, 654, 38),
(936, 655, 35),
(942, 655, 36),
(948, 655, 37),
(954, 655, 38),
(935, 656, 35),
(941, 656, 36),
(947, 656, 37),
(953, 656, 38),
(960, 657, 32),
(959, 658, 32),
(988, 674, 1),
(987, 675, 1),
(986, 676, 1),
(985, 677, 1),
(992, 678, 4),
(991, 679, 4),
(990, 680, 4),
(989, 681, 4),
(999, 682, 7),
(1006, 682, 8),
(998, 683, 7),
(1005, 683, 8),
(997, 684, 7),
(1004, 684, 8),
(996, 685, 7),
(1003, 685, 8),
(995, 686, 7),
(1002, 686, 8),
(994, 687, 7),
(1001, 687, 8),
(993, 688, 7),
(1000, 688, 8),
(1016, 689, 1),
(1017, 689, 12),
(1018, 689, 15),
(1253, 689, 58),
(1261, 689, 62),
(1019, 690, 4),
(1020, 690, 13),
(1021, 690, 16),
(1022, 690, 17),
(1023, 690, 18),
(1268, 690, 59),
(1275, 690, 63),
(1282, 690, 64),
(1070, 692, 46),
(1071, 693, 46),
(1072, 694, 46),
(1062, 695, 14),
(1063, 696, 14),
(1064, 697, 14),
(1065, 698, 14),
(1104, 704, 48),
(1110, 704, 49),
(1103, 705, 48),
(1109, 705, 49),
(1102, 706, 48),
(1108, 706, 49),
(1101, 707, 48),
(1107, 707, 49),
(1100, 708, 48),
(1106, 708, 49),
(1099, 709, 48),
(1105, 709, 49),
(1115, 711, 50),
(1120, 711, 51),
(1125, 711, 52),
(1130, 711, 53),
(1114, 712, 50),
(1119, 712, 51),
(1124, 712, 52),
(1129, 712, 53),
(1113, 713, 50),
(1118, 713, 51),
(1123, 713, 52),
(1128, 713, 53),
(1112, 714, 50),
(1117, 714, 51),
(1122, 714, 52),
(1127, 714, 53),
(1111, 715, 50),
(1116, 715, 51),
(1121, 715, 52),
(1126, 715, 53),
(1098, 718, 47),
(1097, 719, 47),
(1096, 720, 47),
(1095, 721, 47),
(1094, 722, 47),
(1176, 733, 54),
(1175, 734, 54),
(1174, 735, 54),
(1173, 736, 54),
(1184, 740, 56),
(1192, 740, 57),
(1183, 741, 56),
(1191, 741, 57),
(1182, 742, 56),
(1190, 742, 57),
(1181, 743, 56),
(1189, 743, 57),
(1180, 744, 56),
(1188, 744, 57),
(1179, 745, 56),
(1187, 745, 57),
(1178, 746, 56),
(1186, 746, 57),
(1177, 747, 56),
(1185, 747, 57),
(1204, 756, 29),
(1207, 757, 29),
(1210, 759, 30),
(1213, 760, 30),
(1216, 761, 30),
(1219, 762, 30),
(1222, 763, 30),
(1225, 764, 30),
(1228, 766, 31),
(1231, 767, 31),
(1234, 768, 31),
(1237, 769, 31),
(1240, 770, 31),
(1243, 771, 31);

--
-- Déchargement des données de la table `CLASS_session_to_be_affected_as_enseignant`
--

INSERT INTO `CLASS_session_to_be_affected_as_enseignant` (`id_seance_to_be_affected_as_enseignant`, `id_seance_to_be_affected`, `id_enseignant`, `id_responsable`, `modifiable`) VALUES
(1, 1, 19, 18, 1),
(2, 2, 19, 18, 1),
(3, 3, 19, 18, 1),
(4, 4, 19, 18, 1),
(5, 5, 19, 18, 1),
(6, 6, 19, 18, 1),
(7, 7, 19, 18, 1),
(8, 8, 19, 18, 1),
(9, 9, 19, 18, 1),
(10, 10, 19, 18, 1),
(11, 11, 19, 18, 1),
(12, 12, 19, 18, 1),
(13, 13, 14, 18, 1),
(14, 14, 14, 18, 1),
(15, 15, 14, 18, 1),
(22, 22, 19, 18, 1),
(23, 23, 19, 18, 1),
(24, 24, 19, 18, 1),
(25, 25, 51, 18, 1),
(26, 26, 23, 18, 1),
(27, 27, 14, 18, 1),
(28, 28, 51, 18, 1),
(29, 29, 23, 18, 1),
(30, 30, 14, 18, 1),
(31, 31, 51, 18, 1),
(32, 32, 23, 18, 1),
(33, 33, 14, 18, 1),
(34, 34, 51, 18, 1),
(35, 35, 51, 18, 1),
(36, 36, 23, 18, 1),
(37, 37, 28, 18, 1),
(38, 38, 14, 18, 1),
(39, 39, 28, 18, 1),
(40, 40, 51, 18, 1),
(41, 41, 51, 18, 1),
(42, 42, 23, 18, 1),
(43, 43, 28, 18, 1),
(44, 44, 14, 18, 1),
(45, 45, 28, 18, 1),
(46, 46, 51, 18, 1),
(47, 47, 51, 18, 1),
(48, 48, 23, 18, 1),
(49, 49, 28, 18, 1),
(50, 50, 14, 18, 1),
(51, 51, 28, 18, 1),
(52, 52, 54, 18, 1),
(53, 53, 54, 18, 1),
(54, 54, 18, 18, 1),
(55, 55, 18, 18, 1),
(56, 56, 18, 18, 1),
(57, 57, 18, 18, 1),
(58, 58, 18, 18, 1),
(59, 59, 54, 18, 1),
(60, 60, 54, 18, 1),
(61, 61, 18, 18, 1),
(62, 62, 18, 18, 1),
(63, 63, 18, 18, 1),
(64, 64, 18, 18, 1),
(65, 65, 18, 18, 1),
(66, 66, 54, 18, 1),
(67, 67, 54, 18, 1),
(68, 68, 18, 18, 1),
(69, 69, 18, 18, 1),
(70, 70, 18, 18, 1),
(71, 71, 18, 18, 1),
(72, 72, 18, 18, 1),
(73, 73, 18, 18, 1),
(74, 74, 18, 18, 1),
(75, 75, 18, 18, 1),
(76, 76, 18, 18, 1),
(77, 77, 18, 18, 1),
(78, 78, 18, 18, 1),
(79, 79, 18, 18, 1),
(80, 80, 18, 18, 1),
(81, 81, 62, 18, 1),
(82, 82, 62, 18, 1),
(83, 83, 62, 18, 1),
(84, 84, 62, 18, 1),
(85, 85, 62, 18, 1),
(86, 86, 62, 18, 1),
(87, 87, 18, 18, 1),
(88, 88, 18, 18, 1),
(89, 89, 62, 18, 1),
(90, 90, 18, 18, 1),
(91, 91, 62, 18, 1),
(92, 92, 18, 18, 1),
(93, 93, 62, 18, 1),
(94, 94, 18, 18, 1),
(95, 95, 62, 18, 1),
(96, 96, 18, 18, 1),
(104, 104, 28, 18, 1),
(105, 105, 28, 18, 1),
(106, 106, 28, 18, 1),
(107, 107, 28, 18, 1),
(108, 108, 28, 18, 1),
(109, 109, 28, 18, 1),
(110, 110, 28, 18, 1),
(111, 111, 28, 18, 1),
(112, 112, 8, 18, 1),
(113, 113, 8, 18, 1),
(114, 114, 6, 18, 1),
(115, 115, 6, 18, 1),
(119, 119, 18, 18, 1),
(120, 120, 18, 18, 1),
(121, 121, 18, 18, 1),
(122, 122, 18, 18, 1),
(123, 123, 18, 18, 1),
(124, 124, 18, 18, 1),
(125, 125, 18, 18, 1),
(126, 126, 18, 18, 1),
(135, 135, 18, 18, 1),
(136, 136, 18, 18, 1),
(137, 137, 18, 18, 1),
(138, 138, 18, 18, 1),
(139, 139, 18, 18, 1),
(140, 140, 18, 18, 1),
(141, 141, 18, 18, 1),
(142, 142, 23, 18, 1),
(143, 143, 23, 18, 1),
(144, 144, 18, 18, 1),
(145, 145, 18, 18, 1),
(146, 146, 18, 18, 1),
(147, 147, 18, 18, 1),
(148, 148, 18, 18, 1),
(149, 149, 18, 18, 1),
(150, 150, 23, 18, 1),
(151, 151, 18, 18, 1),
(152, 152, 23, 18, 1),
(153, 153, 18, 18, 1),
(154, 154, 23, 18, 1),
(155, 155, 18, 18, 1),
(156, 156, 23, 18, 1),
(157, 157, 18, 18, 1),
(158, 158, 23, 18, 1),
(159, 159, 14, 18, 1),
(160, 160, 14, 18, 1),
(161, 161, 14, 18, 1),
(162, 162, 14, 18, 1),
(163, 163, 14, 18, 1),
(164, 164, 14, 18, 1),
(165, 165, 14, 18, 1),
(166, 166, 19, 18, 1),
(167, 167, 19, 18, 1),
(168, 168, 19, 18, 1),
(169, 169, 19, 18, 1),
(170, 170, 19, 18, 1),
(171, 171, 19, 18, 1),
(172, 172, 19, 18, 1),
(173, 173, 19, 18, 1),
(174, 174, 19, 18, 1),
(175, 175, 19, 18, 1),
(176, 176, 14, 18, 1),
(177, 177, 14, 18, 1),
(178, 178, 14, 18, 1),
(179, 179, 14, 18, 1),
(180, 180, 14, 18, 1),
(181, 181, 14, 18, 1),
(182, 182, 14, 18, 1),
(183, 183, 14, 18, 1),
(184, 184, 14, 18, 1),
(185, 185, 14, 18, 1),
(186, 186, 14, 18, 1),
(187, 187, 14, 18, 1),
(188, 188, 14, 18, 1),
(189, 189, 14, 18, 1),
(190, 190, 14, 18, 1),
(191, 191, 14, 18, 1),
(192, 192, 14, 18, 1),
(193, 193, 14, 18, 1),
(194, 194, 14, 18, 1),
(195, 195, 14, 18, 1),
(196, 196, 14, 18, 1),
(197, 197, 14, 18, 1),
(198, 198, 14, 18, 1),
(199, 199, 14, 18, 1),
(200, 200, 15, 18, 1),
(201, 201, 15, 18, 1),
(202, 202, 15, 18, 1),
(203, 203, 15, 18, 1),
(204, 204, 15, 18, 1),
(205, 205, 15, 18, 1),
(206, 206, 23, 18, 1),
(207, 207, 23, 18, 1),
(208, 208, 23, 18, 1),
(209, 209, 23, 18, 1),
(210, 210, 62, 18, 1),
(211, 211, 62, 18, 1),
(212, 212, 62, 18, 1),
(213, 213, 62, 18, 1),
(214, 214, 62, 18, 1),
(215, 215, 62, 18, 1),
(216, 216, 62, 18, 1),
(217, 217, 62, 18, 1),
(218, 218, 62, 18, 1),
(219, 219, 62, 18, 1),
(220, 220, 52, 18, 1),
(221, 221, 52, 18, 1),
(222, 222, 52, 18, 1),
(223, 223, 52, 18, 1),
(224, 224, 52, 18, 1),
(225, 225, 52, 18, 1),
(226, 226, 52, 18, 1),
(227, 227, 52, 18, 1),
(228, 228, 52, 18, 1),
(229, 229, 52, 18, 1),
(256, 256, 18, 18, 1),
(257, 257, 15, 18, 1),
(258, 258, 15, 18, 1),
(259, 259, 18, 18, 1),
(260, 260, 15, 18, 1),
(261, 261, 15, 18, 1),
(262, 262, 18, 18, 1),
(263, 263, 15, 18, 1),
(264, 264, 15, 18, 1),
(265, 265, 10, 18, 1),
(266, 266, 10, 18, 1),
(267, 267, 10, 18, 1),
(268, 268, 14, 18, 1),
(269, 269, 14, 18, 1),
(270, 270, 10, 18, 1),
(275, 275, 10, 18, 1),
(276, 276, 10, 18, 1),
(277, 277, 14, 18, 1),
(278, 278, 14, 18, 1),
(279, 279, 10, 18, 1),
(280, 280, 10, 18, 1),
(281, 281, 14, 18, 1),
(282, 282, 14, 18, 1),
(283, 283, 24, 18, 1),
(284, 284, 24, 18, 1),
(285, 285, 24, 18, 1),
(286, 286, 24, 18, 1),
(287, 287, 24, 18, 1),
(288, 288, 24, 18, 1),
(289, 289, 24, 18, 1),
(290, 290, 42, 18, 1),
(291, 291, 42, 18, 1),
(292, 292, 42, 18, 1),
(293, 293, 42, 18, 1),
(294, 294, 42, 18, 1),
(295, 295, 42, 18, 1),
(296, 296, 42, 18, 1),
(297, 297, 42, 18, 1),
(298, 298, 24, 18, 1),
(299, 299, 24, 18, 1),
(300, 300, 24, 18, 1),
(301, 301, 24, 18, 1),
(310, 310, 18, 18, 1),
(311, 311, 18, 18, 1),
(414, 414, 15, 18, 1),
(415, 415, 15, 18, 1),
(416, 416, 15, 18, 1),
(417, 417, 15, 18, 1),
(418, 418, 15, 18, 1),
(419, 419, 15, 18, 1),
(420, 420, 15, 18, 1),
(421, 421, 15, 18, 1),
(422, 422, 15, 18, 1),
(423, 423, 15, 18, 1),
(424, 424, 15, 18, 1),
(425, 425, 15, 18, 1),
(426, 426, 15, 18, 1),
(427, 427, 15, 18, 1),
(428, 428, 15, 18, 1),
(429, 429, 15, 18, 1),
(430, 430, 15, 18, 1),
(431, 431, 15, 18, 1),
(432, 432, 15, 18, 1),
(433, 433, 15, 18, 1),
(434, 434, 15, 18, 1),
(435, 435, 15, 18, 1),
(436, 436, 15, 18, 1),
(445, 445, 6, 18, 1),
(446, 446, 6, 18, 1),
(447, 447, 6, 18, 1),
(448, 448, 6, 18, 1),
(449, 449, 6, 18, 1),
(450, 450, 6, 18, 1),
(451, 451, 6, 18, 1),
(452, 452, 6, 18, 1),
(453, 453, 6, 18, 1),
(454, 454, 6, 18, 1),
(455, 455, 6, 18, 1),
(456, 456, 6, 18, 1),
(457, 457, 6, 18, 1),
(458, 458, 6, 18, 1),
(459, 459, 6, 18, 1),
(460, 460, 6, 18, 1),
(461, 461, 6, 18, 1),
(462, 462, 6, 18, 1),
(463, 463, 6, 18, 1),
(464, 464, 6, 18, 1),
(465, 465, 6, 18, 1),
(466, 466, 6, 18, 1),
(476, 476, 18, 18, 1),
(479, 479, 55, 18, 1),
(480, 480, 55, 18, 1),
(481, 481, 55, 18, 1),
(482, 482, 55, 18, 1),
(483, 483, 55, 18, 1),
(484, 484, 55, 18, 1),
(485, 485, 55, 18, 1),
(486, 486, 55, 18, 1),
(487, 487, 55, 18, 1),
(488, 488, 55, 18, 1),
(489, 489, 55, 18, 1),
(490, 490, 55, 18, 1),
(491, 491, 55, 18, 1),
(492, 492, 55, 18, 1),
(493, 493, 55, 18, 1),
(494, 494, 55, 18, 1),
(495, 495, 55, 18, 1),
(496, 496, 55, 18, 1),
(497, 497, 55, 18, 1),
(498, 498, 55, 18, 1),
(510, 510, 16, 18, 1),
(511, 511, 15, 18, 1),
(512, 512, 15, 18, 1),
(513, 513, 16, 18, 1),
(514, 514, 16, 18, 1),
(515, 515, 15, 18, 1),
(516, 516, 16, 18, 1),
(517, 517, 15, 18, 1),
(518, 518, 15, 18, 1),
(519, 519, 16, 18, 1),
(520, 520, 16, 18, 1),
(521, 521, 15, 18, 1),
(522, 522, 15, 18, 1),
(523, 523, 15, 18, 1),
(524, 524, 15, 18, 1),
(525, 525, 16, 18, 1),
(541, 541, 14, 18, 1),
(542, 542, 14, 18, 1),
(543, 543, 10, 18, 1),
(544, 544, 10, 18, 1),
(545, 545, 10, 18, 1),
(546, 546, 10, 18, 1),
(547, 547, 38, 18, 1),
(548, 548, 38, 18, 1),
(549, 549, 14, 18, 1),
(550, 550, 14, 18, 1),
(551, 551, 10, 18, 1),
(552, 552, 10, 18, 1),
(553, 553, 10, 18, 1),
(554, 554, 10, 18, 1),
(555, 555, 38, 18, 1),
(556, 556, 38, 18, 1),
(557, 557, 14, 18, 1),
(558, 558, 10, 18, 1),
(559, 559, 10, 18, 1),
(560, 560, 38, 18, 1),
(572, 572, 10, 18, 1),
(573, 573, 10, 18, 1),
(574, 574, 14, 18, 1),
(575, 575, 10, 18, 1),
(576, 576, 10, 18, 1),
(577, 577, 10, 18, 1),
(578, 578, 14, 18, 1),
(579, 579, 14, 18, 1),
(580, 580, 10, 18, 1),
(581, 581, 10, 18, 1),
(582, 582, 14, 18, 1),
(583, 583, 10, 18, 1),
(584, 584, 14, 18, 1),
(585, 585, 10, 18, 1),
(586, 586, 10, 18, 1),
(587, 587, 10, 18, 1),
(588, 588, 14, 18, 1),
(618, 618, 24, 18, 1),
(619, 619, 24, 18, 1),
(620, 620, 24, 18, 1),
(621, 621, 24, 18, 1),
(622, 622, 24, 18, 1),
(623, 623, 24, 18, 1),
(624, 624, 14, 18, 1),
(625, 625, 24, 18, 1),
(626, 626, 24, 18, 1),
(627, 627, 24, 18, 1),
(628, 628, 24, 18, 1),
(629, 629, 24, 18, 1),
(630, 630, 24, 18, 1),
(631, 631, 14, 18, 1),
(632, 632, 24, 18, 1),
(633, 633, 24, 18, 1),
(634, 634, 24, 18, 1),
(635, 635, 24, 18, 1),
(636, 636, 24, 18, 1),
(637, 637, 14, 18, 1),
(668, 668, NULL, 18, 1),
(669, 669, NULL, 18, 1),
(680, 680, 8, 18, 1),
(681, 681, 8, 18, 1),
(682, 682, 8, 18, 1),
(683, 683, 8, 18, 1),
(684, 684, 8, 18, 1),
(685, 685, 8, 18, 1),
(686, 686, 8, 18, 1),
(687, 687, 8, 18, 1),
(688, 688, 8, 18, 1),
(689, 689, 28, 18, 1),
(690, 690, 28, 18, 1),
(691, 691, 28, 18, 1),
(692, 692, 28, 18, 1),
(693, 693, 28, 18, 1),
(694, 694, 28, 18, 1),
(695, 695, 44, 18, 1),
(696, 696, 44, 18, 1),
(697, 697, 44, 18, 1),
(698, 698, 44, 18, 1),
(699, 699, 44, 18, 1),
(700, 700, 44, 18, 1),
(711, 711, 15, 18, 1),
(712, 712, 15, 18, 1),
(713, 713, 15, 18, 1),
(714, 714, 15, 18, 1),
(715, 715, 15, 18, 1),
(716, 716, 15, 18, 1),
(717, 717, 15, 18, 1),
(726, 726, 8, 18, 1),
(727, 727, 8, 18, 1),
(728, 728, 8, 18, 1),
(729, 729, 8, 18, 1),
(730, 730, 8, 18, 1),
(731, 731, 56, 18, 1),
(732, 732, 56, 18, 1),
(733, 733, 56, 18, 1),
(734, 734, 8, 18, 1),
(735, 735, 8, 18, 1),
(736, 736, 8, 18, 1),
(737, 737, 8, 18, 1),
(738, 738, 56, 18, 1),
(739, 739, 56, 18, 1),
(740, 740, 8, 18, 1),
(741, 741, 56, 18, 1),
(742, 742, 56, 18, 1),
(757, 757, 14, 18, 1),
(758, 758, 14, 18, 1),
(759, 759, 14, 18, 1),
(760, 760, 14, 18, 1),
(761, 761, 14, 18, 1),
(762, 762, 14, 18, 1),
(763, 763, 14, 18, 1),
(764, 764, 14, 18, 1),
(765, 765, 14, 18, 1),
(766, 766, 14, 18, 1),
(767, 767, 14, 18, 1),
(768, 768, 14, 18, 1),
(769, 769, 14, 18, 1),
(770, 770, 14, 18, 1),
(772, 772, 16, 18, 1),
(773, 773, 16, 18, 1),
(774, 774, 16, 18, 1),
(775, 775, 16, 18, 1),
(776, 776, 16, 18, 1),
(777, 777, 16, 18, 1),
(778, 778, 16, 18, 1),
(779, 779, 16, 18, 1),
(780, 780, 16, 18, 1),
(781, 781, 16, 18, 1),
(782, 782, 57, 18, 1),
(783, 783, 57, 18, 1),
(784, 784, 57, 18, 1),
(785, 785, 57, 18, 1),
(786, 786, 57, 18, 1),
(787, 787, 57, 18, 1),
(788, 788, 57, 18, 1),
(789, 789, 57, 18, 1),
(790, 790, 57, 18, 1),
(791, 791, 16, 18, 1),
(792, 792, 57, 18, 1),
(803, 803, 15, 18, 1),
(804, 804, 15, 18, 1),
(805, 805, 15, 18, 1),
(806, 806, 15, 18, 1),
(807, 807, 15, 18, 1),
(808, 808, 15, 18, 1),
(809, 809, 15, 18, 1),
(810, 810, 15, 18, 1),
(811, 811, 15, 18, 1),
(812, 812, 15, 18, 1),
(813, 813, 15, 18, 1),
(814, 814, 15, 18, 1),
(815, 815, 15, 18, 1),
(816, 816, 15, 18, 1),
(817, 817, 15, 18, 1),
(818, 818, 15, 18, 1),
(819, 819, 12, 18, 1),
(820, 820, 12, 18, 1),
(821, 821, 12, 18, 1),
(822, 822, 12, 18, 1),
(823, 823, 15, 18, 1),
(824, 824, 15, 18, 1),
(825, 825, 15, 18, 1),
(826, 826, 15, 18, 1),
(834, 834, 16, 18, 1),
(835, 835, 16, 18, 1),
(836, 836, 16, 18, 1),
(837, 837, 16, 18, 1),
(838, 838, 16, 18, 1),
(839, 839, 16, 18, 1),
(840, 840, 16, 18, 1),
(841, 841, 16, 18, 1),
(842, 842, 16, 18, 1),
(843, 843, 28, 18, 1),
(844, 844, 28, 18, 1),
(845, 845, 28, 18, 1),
(846, 846, 28, 18, 1),
(847, 847, 28, 18, 1),
(848, 848, 28, 18, 1),
(849, 849, 28, 18, 1),
(850, 850, 28, 18, 1),
(851, 851, 28, 18, 1),
(852, 852, 28, 18, 1),
(853, 853, 28, 18, 1),
(854, 854, 28, 18, 1),
(855, 855, 28, 18, 1),
(856, 856, 28, 18, 1),
(857, 857, 28, 18, 1),
(858, 858, 28, 18, 1),
(859, 859, 14, 18, 1),
(860, 860, 52, 18, 1),
(861, 861, 14, 18, 1),
(863, 863, 17, 18, 1),
(864, 864, 17, 18, 1),
(865, 865, 17, 18, 1),
(866, 866, 17, 18, 1),
(867, 867, 17, 18, 1),
(868, 868, 17, 18, 1),
(869, 869, 17, 18, 1),
(870, 870, 17, 18, 1),
(871, 871, 17, 18, 1),
(872, 872, 17, 18, 1),
(873, 873, NULL, 18, 1),
(874, 874, NULL, 18, 1),
(875, 875, NULL, 18, 1),
(876, 876, NULL, 18, 1),
(877, 877, NULL, 18, 1),
(878, 878, NULL, 18, 1),
(879, 879, NULL, 18, 1),
(880, 880, NULL, 18, 1),
(881, 881, NULL, 18, 1),
(882, 882, NULL, 18, 1),
(883, 883, 17, 18, 1),
(884, 884, 17, 18, 1),
(885, 885, 17, 18, 1),
(886, 886, 17, 18, 1),
(887, 887, 17, 18, 1),
(888, 888, 17, 18, 1),
(889, 889, 17, 18, 1),
(890, 890, 17, 18, 1),
(891, 891, 42, 18, 1),
(892, 892, 42, 18, 1),
(893, 893, 42, 18, 1),
(894, 894, 42, 18, 1),
(922, 922, 14, 18, 1),
(923, 923, 14, 18, 1),
(924, 924, 14, 18, 1),
(925, 925, 52, 18, 1),
(926, 926, 52, 18, 1),
(927, 927, 52, 18, 1),
(928, 928, 52, 18, 1),
(929, 929, 52, 18, 1),
(930, 930, 14, 18, 1),
(931, 931, 14, 18, 1),
(932, 932, 14, 18, 1),
(933, 933, 14, 18, 1),
(934, 934, 14, 18, 1),
(935, 935, 52, 18, 1),
(936, 936, 52, 18, 1),
(937, 937, 52, 18, 1),
(938, 938, 52, 18, 1),
(939, 939, 52, 18, 1),
(940, 940, 52, 18, 1),
(941, 941, 64, 18, 1),
(942, 942, 64, 18, 1),
(943, 943, 64, 18, 1),
(944, 944, 64, 18, 1),
(945, 945, 64, 18, 1),
(946, 946, 64, 18, 1),
(947, 947, 14, 18, 1),
(948, 948, 14, 18, 1),
(949, 949, 14, 18, 1),
(950, 950, 14, 18, 1),
(951, 951, 14, 18, 1),
(952, 952, 14, 18, 1),
(953, 953, 63, 18, 1),
(954, 954, 63, 18, 1),
(955, 955, 63, 18, 1),
(956, 956, 63, 18, 1),
(957, 957, 63, 18, 1),
(958, 958, 63, 18, 1),
(959, 959, 14, 18, 1),
(960, 960, 14, 18, 1),
(985, 985, 6, 18, 1),
(986, 986, 6, 18, 1),
(987, 987, 18, 18, 1),
(988, 988, 18, 18, 1),
(989, 989, 6, 18, 1),
(990, 990, 18, 18, 1),
(991, 991, 6, 18, 1),
(992, 992, 6, 18, 1),
(993, 993, 6, 18, 1),
(994, 994, 6, 18, 1),
(995, 995, 6, 18, 1),
(996, 996, 6, 18, 1),
(997, 997, 6, 18, 1),
(998, 998, 6, 18, 1),
(999, 999, 6, 18, 1),
(1000, 1000, 6, 18, 1),
(1001, 1001, 18, 18, 1),
(1002, 1002, 18, 18, 1),
(1003, 1003, 18, 18, 1),
(1004, 1004, 15, 18, 1),
(1005, 1005, 15, 18, 1),
(1006, 1006, 15, 18, 1),
(1016, 1016, 14, 18, 1),
(1017, 1017, 14, 18, 1),
(1018, 1018, 14, 18, 1),
(1019, 1019, 14, 18, 1),
(1020, 1020, 19, 18, 1),
(1021, 1021, 15, 18, 1),
(1022, 1022, 62, 18, 1),
(1023, 1023, 52, 18, 1),
(1033, 862, 19, 18, 1),
(1034, 302, NULL, 18, 1),
(1035, 303, NULL, 18, 1),
(1036, 304, NULL, 18, 1),
(1037, 305, NULL, 18, 1),
(1038, 306, NULL, 18, 1),
(1039, 307, NULL, 18, 1),
(1040, 308, NULL, 18, 1),
(1041, 309, NULL, 18, 1),
(1042, 900, NULL, 18, 1),
(1043, 901, NULL, 18, 1),
(1044, 902, NULL, 18, 1),
(1045, 905, NULL, 18, 1),
(1061, 271, NULL, 18, 1),
(1062, 272, NULL, 18, 1),
(1063, 273, NULL, 18, 1),
(1064, 274, NULL, 18, 1),
(1065, 312, NULL, 18, 1),
(1066, 313, NULL, 18, 1),
(1067, 314, NULL, 18, 1),
(1068, 315, NULL, 18, 1),
(1069, 316, NULL, 18, 1),
(1070, 317, NULL, 18, 1),
(1071, 318, NULL, 18, 1),
(1072, 319, NULL, 18, 1),
(1073, 320, NULL, 18, 1),
(1075, 903, NULL, 18, 1),
(1076, 904, NULL, 18, 1),
(1077, 906, NULL, 18, 1),
(1078, 16, 14, 18, 1),
(1079, 18, 14, 18, 1),
(1080, 20, 14, 18, 1),
(1082, 17, 18, 18, 1),
(1083, 19, 18, 18, 1),
(1084, 21, 18, 18, 1),
(1086, 896, NULL, 18, 1),
(1087, 898, NULL, 18, 1),
(1088, 897, NULL, 18, 1),
(1089, 899, NULL, 18, 1),
(1090, 603, NULL, 18, 1),
(1091, 604, NULL, 18, 1),
(1092, 605, NULL, 18, 1),
(1093, 606, NULL, 18, 1),
(1094, 607, NULL, 18, 1),
(1095, 608, NULL, 18, 1),
(1096, 609, NULL, 18, 1),
(1097, 610, NULL, 18, 1),
(1098, 611, NULL, 18, 1),
(1099, 612, NULL, 18, 1),
(1100, 613, NULL, 18, 1),
(1101, 1024, 19, 18, 1),
(1102, 1025, 19, 18, 1),
(1152, 1044, NULL, 18, 1),
(1153, 1049, NULL, 18, 1),
(1154, 1031, NULL, 18, 1),
(1155, 1032, NULL, 18, 1),
(1156, 1033, NULL, 18, 1),
(1157, 1034, NULL, 18, 1),
(1158, 1035, NULL, 18, 1),
(1159, 1036, NULL, 18, 1),
(1160, 1037, NULL, 18, 1),
(1163, 1042, NULL, 18, 1),
(1164, 1045, NULL, 18, 1),
(1165, 1046, NULL, 18, 1),
(1168, 1043, NULL, 18, 1),
(1169, 1047, NULL, 18, 1),
(1170, 1048, NULL, 18, 1),
(1171, 1050, NULL, 18, 1),
(1172, 1051, NULL, 18, 1),
(1183, 1062, 65, 18, 1),
(1184, 1063, 65, 18, 1),
(1185, 1064, NULL, 18, 1),
(1186, 1065, NULL, 18, 1),
(1191, 1070, 65, 18, 1),
(1192, 1071, 65, 18, 1),
(1193, 1072, 65, 18, 1),
(1258, 1094, 19, 18, 1),
(1259, 1095, 19, 18, 1),
(1260, 1096, 19, 18, 1),
(1261, 1097, 19, 18, 1),
(1262, 1098, 19, 18, 1),
(1263, 1099, 19, 18, 1),
(1264, 1100, 19, 18, 1),
(1265, 1101, 19, 18, 1),
(1266, 1102, 19, 18, 1),
(1267, 1103, 19, 18, 1),
(1268, 1104, 19, 18, 1),
(1269, 1105, 65, 18, 1),
(1270, 1106, 65, 18, 1),
(1271, 1107, 65, 18, 1),
(1272, 1108, 65, 18, 1),
(1273, 1109, 65, 18, 1),
(1274, 1110, 65, 18, 1),
(1275, 1111, 19, 18, 1),
(1276, 1112, 19, 18, 1),
(1277, 1113, 19, 18, 1),
(1278, 1114, 19, 18, 1),
(1279, 1115, 19, 18, 1),
(1280, 1116, 65, 18, 1),
(1281, 1117, 65, 18, 1),
(1282, 1118, 65, 18, 1),
(1283, 1119, 65, 18, 1),
(1284, 1120, 65, 18, 1),
(1285, 1121, 19, 18, 1),
(1286, 1122, 19, 18, 1),
(1287, 1123, 19, 18, 1),
(1288, 1124, 19, 18, 1),
(1289, 1125, 19, 18, 1),
(1290, 1126, 65, 18, 1),
(1291, 1127, 65, 18, 1),
(1292, 1128, 65, 18, 1),
(1293, 1129, 65, 18, 1),
(1294, 1130, 65, 18, 1),
(1321, 1173, 19, 18, 1),
(1322, 1174, 19, 18, 1),
(1323, 1175, 19, 18, 1),
(1324, 1176, 19, 18, 1),
(1352, 1177, 65, 18, 1),
(1353, 1178, 65, 18, 1),
(1354, 1179, 65, 18, 1),
(1355, 1180, 65, 18, 1),
(1356, 1181, 65, 18, 1),
(1357, 1182, 65, 18, 1),
(1358, 1183, 65, 18, 1),
(1359, 1184, 65, 18, 1),
(1360, 1185, 65, 18, 1),
(1361, 1186, 65, 18, 1),
(1362, 1187, 65, 18, 1),
(1363, 1188, 65, 18, 1),
(1364, 1189, 65, 18, 1),
(1365, 1190, 65, 18, 1),
(1366, 1191, 65, 18, 1),
(1367, 1192, 65, 18, 1),
(1398, 1207, 10, 18, 1),
(1399, 1204, 10, 18, 1),
(1400, 1225, 10, 18, 1),
(1401, 1222, 10, 18, 1),
(1402, 1219, 10, 18, 1),
(1403, 1216, 10, 18, 1),
(1404, 1213, 10, 18, 1),
(1405, 1210, 10, 18, 1),
(1406, 1243, 65, 18, 1),
(1407, 1240, 65, 18, 1),
(1408, 1237, 65, 18, 1),
(1409, 1234, 65, 18, 1),
(1410, 1231, 65, 18, 1),
(1411, 1228, 65, 18, 1),
(1413, 1246, NULL, 18, 1),
(1414, 1247, NULL, 18, 1),
(1415, 1248, NULL, 18, 1),
(1416, 1249, NULL, 18, 1),
(1417, 1250, NULL, 18, 1),
(1418, 1251, NULL, 18, 1),
(1419, 1252, NULL, 18, 1),
(1420, 1253, NULL, 18, 1),
(1425, 1262, NULL, 18, 1),
(1426, 1263, NULL, 18, 1),
(1427, 1264, NULL, 18, 1),
(1428, 1265, NULL, 18, 1),
(1429, 1266, NULL, 18, 1),
(1430, 1267, NULL, 18, 1),
(1431, 1268, NULL, 18, 1),
(1432, 1283, NULL, 18, 1),
(1433, 1284, NULL, 18, 1),
(1434, 1285, NULL, 18, 1),
(1435, 1286, NULL, 18, 1),
(1445, 1254, NULL, 18, 1),
(1446, 1255, NULL, 18, 1),
(1447, 1256, NULL, 18, 1),
(1448, 1257, NULL, 18, 1),
(1449, 1258, NULL, 18, 1),
(1450, 1259, NULL, 18, 1),
(1451, 1260, NULL, 18, 1),
(1452, 1261, NULL, 18, 1),
(1457, 1269, NULL, 18, 1),
(1458, 1270, NULL, 18, 1),
(1459, 1271, NULL, 18, 1),
(1460, 1272, NULL, 18, 1),
(1461, 1273, NULL, 18, 1),
(1462, 1274, NULL, 18, 1),
(1463, 1275, NULL, 18, 1),
(1464, 1287, NULL, 18, 1),
(1465, 1288, NULL, 18, 1),
(1466, 1289, NULL, 18, 1),
(1467, 1290, NULL, 18, 1),
(1471, 1276, NULL, 18, 1),
(1472, 1277, NULL, 18, 1),
(1473, 1278, NULL, 18, 1),
(1474, 1279, NULL, 18, 1),
(1475, 1280, NULL, 18, 1),
(1476, 1281, NULL, 18, 1),
(1477, 1282, NULL, 18, 1),
(1478, 1291, NULL, 18, 1),
(1479, 1292, NULL, 18, 1),
(1480, 1293, NULL, 18, 1),
(1481, 1294, NULL, 18, 1),
(1540, 1295, 18, 18, 1),
(1541, 1296, 18, 18, 1),
(1542, 1297, 18, 18, 1),
(1543, 1298, 18, 18, 1),
(1544, 1299, 18, 18, 1),
(1545, 1300, 18, 18, 1),
(1546, 1301, 18, 18, 1),
(1547, 1302, 18, 18, 1),
(1548, 1303, 18, 18, 1),
(1549, 1304, 18, 18, 1),
(1550, 1305, 18, 18, 1),
(1551, 1306, 18, 18, 1),
(1552, 1307, 18, 18, 1),
(1553, 1308, 18, 18, 1),
(1554, 1309, 18, 18, 1),
(1555, 1310, 53, 18, 1),
(1556, 1311, 53, 18, 1),
(1557, 1312, 53, 18, 1),
(1558, 1313, 30, 18, 1),
(1559, 1314, 30, 18, 1),
(1560, 1315, 30, 18, 1),
(1561, 1316, 53, 18, 1),
(1562, 1317, 53, 18, 1),
(1563, 1318, 53, 18, 1),
(1564, 1319, 18, 18, 1),
(1565, 1320, 18, 18, 1),
(1566, 1321, 18, 18, 1),
(1567, 1322, 18, 18, 1),
(1568, 1323, 18, 18, 1),
(1569, 1324, 18, 18, 1),
(1570, 1325, 30, 18, 1),
(1571, 1326, 30, 18, 1),
(1572, 1327, 30, 18, 1),
(1573, 1328, 18, 18, 1),
(1574, 1329, 18, 18, 1),
(1603, 230, 16, 18, 1),
(1604, 231, 16, 18, 1),
(1605, 232, 16, 18, 1),
(1606, 233, 16, 18, 1),
(1607, 234, 16, 18, 1),
(1608, 235, 16, 18, 1),
(1609, 236, 16, 18, 1),
(1610, 237, 16, 18, 1),
(1611, 238, 16, 18, 1),
(1612, 239, 8, 18, 1),
(1613, 240, 16, 18, 1),
(1614, 241, 16, 18, 1),
(1615, 242, 8, 18, 1),
(1616, 243, 8, 18, 1),
(1617, 244, 8, 18, 1),
(1618, 245, 8, 18, 1),
(1619, 246, 16, 18, 1),
(1620, 247, 16, 18, 1),
(1621, 248, 8, 18, 1),
(1622, 249, 8, 18, 1),
(1623, 250, 16, 18, 1),
(1624, 251, 8, 18, 1),
(1625, 252, 16, 18, 1),
(1626, 253, 8, 18, 1),
(1627, 254, 8, 18, 1),
(1628, 255, 16, 18, 1),
(1634, 649, 16, 18, 1),
(1635, 650, 16, 18, 1),
(1636, 651, 16, 18, 1),
(1637, 652, 16, 18, 1),
(1638, 653, 16, 18, 1),
(1639, 654, 16, 18, 1),
(1640, 655, 16, 18, 1),
(1641, 656, 16, 18, 1),
(1642, 657, 16, 18, 1),
(1643, 658, 28, 18, 1),
(1644, 659, 28, 18, 1),
(1645, 660, 28, 18, 1),
(1646, 661, 28, 18, 1),
(1647, 662, 28, 18, 1),
(1648, 663, 28, 18, 1),
(1649, 664, 28, 18, 1),
(1650, 665, 28, 18, 1),
(1651, 666, 28, 18, 1),
(1652, 895, 28, 18, 1),
(1653, 667, 28, 18, 1),
(1654, 1038, 28, 18, 1),
(1655, 1039, NULL, 18, 1),
(1656, 1040, 28, 18, 1),
(1657, 1041, NULL, 18, 1);

--
-- Déchargement des données de la table `CLASS_session_type_to_be_affected`
--

INSERT INTO `CLASS_session_type_to_be_affected` (`id_type_seance_to_be_affected`, `id_module_sequencage`, `id_groupe`) VALUES
(22, 1, 1),
(23, 1, 12),
(24, 1, 15),
(294, 1, 58),
(295, 1, 62),
(25, 2, 4),
(26, 2, 13),
(27, 2, 16),
(28, 2, 17),
(29, 2, 18),
(296, 2, 59),
(297, 2, 63),
(298, 2, 64),
(30, 3, 7),
(31, 3, 8),
(32, 3, 14),
(33, 3, 19),
(34, 3, 20),
(35, 3, 21),
(36, 3, 22),
(37, 3, 23),
(38, 3, 24),
(299, 3, 60),
(300, 3, 61),
(301, 3, 65),
(302, 3, 66),
(303, 3, 67),
(304, 3, 68),
(119, 4, 2),
(120, 5, 5),
(122, 6, 9),
(123, 6, 10),
(121, 7, 5),
(61, 8, 1),
(62, 9, 4),
(63, 10, 7),
(64, 10, 8),
(77, 11, 4),
(76, 12, 4),
(75, 13, 4),
(74, 14, 4),
(73, 15, 4),
(57, 16, 1),
(58, 17, 4),
(59, 18, 7),
(60, 18, 8),
(118, 19, 2),
(134, 20, 2),
(136, 21, 5),
(9, 22, 1),
(10, 22, 12),
(11, 22, 15),
(286, 22, 58),
(287, 22, 62),
(12, 23, 4),
(13, 23, 13),
(14, 23, 16),
(15, 23, 17),
(16, 23, 18),
(288, 23, 59),
(289, 23, 63),
(290, 23, 64),
(17, 24, 4),
(18, 24, 13),
(19, 24, 16),
(20, 24, 17),
(21, 24, 18),
(291, 24, 59),
(292, 24, 63),
(293, 24, 64),
(49, 25, 1),
(50, 26, 4),
(51, 27, 7),
(52, 27, 8),
(104, 28, 2),
(105, 29, 9),
(106, 29, 10),
(107, 30, 2),
(108, 31, 5),
(109, 32, 5),
(111, 33, 5),
(110, 34, 2),
(112, 35, 2),
(113, 36, 5),
(114, 37, 9),
(115, 37, 10),
(116, 38, 2),
(117, 39, 2),
(125, 40, 2),
(126, 41, 5),
(127, 42, 9),
(128, 42, 10),
(129, 43, 2),
(130, 44, 2),
(131, 45, 5),
(132, 46, 9),
(133, 46, 10),
(135, 47, 2),
(137, 48, 3),
(138, 49, 6),
(139, 50, 6),
(140, 51, 3),
(142, 52, 6),
(141, 53, 6),
(143, 54, 3),
(144, 55, 6),
(145, 56, 11),
(146, 57, 3),
(147, 58, 6),
(148, 59, 11),
(149, 60, 11),
(150, 61, 11),
(78, 62, 2),
(79, 63, 9),
(80, 63, 10),
(81, 64, 2),
(82, 65, 5),
(83, 66, 5),
(84, 67, 9),
(85, 67, 10),
(86, 68, 2),
(87, 69, 5),
(88, 70, 9),
(89, 70, 10),
(90, 71, 2),
(91, 72, 2),
(92, 73, 5),
(93, 74, 5),
(94, 75, 2),
(95, 76, 5),
(96, 77, 5),
(97, 78, 2),
(98, 79, 5),
(99, 80, 2),
(100, 81, 5),
(101, 82, 5),
(102, 83, 9),
(103, 83, 10),
(65, 84, 1),
(66, 85, 4),
(67, 86, 7),
(68, 86, 8),
(69, 87, 1),
(70, 88, 4),
(71, 89, 7),
(72, 89, 8),
(39, 90, 1),
(40, 90, 12),
(41, 90, 15),
(305, 90, 58),
(306, 90, 62),
(124, 91, 2),
(1, 92, 32),
(2, 93, 33),
(3, 93, 34),
(42, 94, 39),
(43, 95, 40),
(44, 95, 41),
(45, 96, 42),
(46, 96, 43),
(47, 96, 44),
(48, 96, 45),
(4, 97, 35),
(5, 97, 36),
(6, 97, 37),
(7, 97, 38),
(8, 98, 32),
(53, 99, 1),
(54, 100, 4),
(55, 101, 7),
(56, 101, 8),
(264, 102, 46),
(256, 103, 14),
(258, 104, 48),
(259, 104, 49),
(260, 105, 50),
(261, 105, 51),
(262, 105, 52),
(263, 105, 53),
(257, 106, 47),
(272, 109, 54),
(273, 110, 56),
(274, 110, 57),
(279, 111, 29),
(280, 112, 30),
(281, 113, 31);

--
-- Déchargement des données de la table `CLASS_session_type_to_be_affected_as_enseignant`
--

INSERT INTO `CLASS_session_type_to_be_affected_as_enseignant` (`id_type_seance_to_be_affected_as_enseignant`, `id_type_seance_to_be_affected`, `id_enseignant`, `id_responsable`, `modifiable`) VALUES
(1, 9, 14, 18, 1),
(2, 22, NULL, 18, 1),
(3, 39, NULL, 18, 1),
(4, 49, 16, 18, 1),
(5, 53, NULL, 18, 1),
(6, 57, NULL, 18, 1),
(7, 61, NULL, 18, 1),
(8, 65, NULL, 18, 1),
(9, 69, NULL, 18, 1),
(10, 78, NULL, 18, 1),
(11, 81, 16, 18, 1),
(12, 86, NULL, 18, 1),
(13, 90, NULL, 18, 1),
(14, 91, NULL, 18, 1),
(15, 94, NULL, 18, 1),
(16, 97, NULL, 18, 1),
(17, 99, NULL, 18, 1),
(18, 104, NULL, 18, 1),
(19, 107, NULL, 18, 1),
(20, 110, NULL, 18, 1),
(21, 112, NULL, 18, 1),
(22, 116, NULL, 18, 1),
(23, 117, NULL, 18, 1),
(24, 118, NULL, 18, 1),
(25, 119, NULL, 18, 1),
(26, 124, NULL, 18, 1),
(27, 125, NULL, 18, 1),
(28, 129, NULL, 18, 1),
(29, 130, NULL, 18, 1),
(30, 134, NULL, 18, 1),
(31, 135, NULL, 18, 1),
(32, 137, NULL, 18, 1),
(33, 140, NULL, 18, 1),
(34, 143, NULL, 18, 1),
(35, 146, NULL, 18, 1),
(36, 12, NULL, 18, 1),
(37, 17, NULL, 18, 1),
(38, 25, NULL, 18, 1),
(39, 50, 8, 18, 1),
(40, 54, NULL, 18, 1),
(41, 58, NULL, 18, 1),
(42, 62, NULL, 18, 1),
(43, 66, NULL, 18, 1),
(44, 70, NULL, 18, 1),
(45, 73, NULL, 18, 1),
(46, 74, NULL, 18, 1),
(47, 75, NULL, 18, 1),
(48, 76, NULL, 18, 1),
(49, 77, NULL, 18, 1),
(50, 82, 28, 18, 1),
(51, 83, 28, 18, 1),
(52, 87, NULL, 18, 1),
(53, 92, NULL, 18, 1),
(54, 93, NULL, 18, 1),
(55, 95, NULL, 18, 1),
(56, 96, NULL, 18, 1),
(57, 98, NULL, 18, 1),
(58, 100, NULL, 18, 1),
(59, 101, NULL, 18, 1),
(60, 108, NULL, 18, 1),
(61, 109, NULL, 18, 1),
(62, 111, NULL, 18, 1),
(63, 113, NULL, 18, 1),
(64, 120, NULL, 18, 1),
(65, 121, NULL, 18, 1),
(66, 126, NULL, 18, 1),
(67, 131, NULL, 18, 1),
(68, 136, NULL, 18, 1),
(69, 138, NULL, 18, 1),
(70, 139, NULL, 18, 1),
(71, 141, NULL, 18, 1),
(72, 142, NULL, 18, 1),
(73, 144, NULL, 18, 1),
(74, 147, NULL, 18, 1),
(75, 30, NULL, 18, 1),
(76, 51, 8, 18, 1),
(77, 55, NULL, 18, 1),
(78, 59, NULL, 18, 1),
(79, 63, NULL, 18, 1),
(80, 67, NULL, 18, 1),
(81, 71, NULL, 18, 1),
(82, 31, NULL, 18, 1),
(83, 52, 16, 18, 1),
(84, 56, NULL, 18, 1),
(85, 60, NULL, 18, 1),
(86, 64, NULL, 18, 1),
(87, 68, NULL, 18, 1),
(88, 72, NULL, 18, 1),
(89, 79, NULL, 18, 1),
(90, 84, 28, 18, 1),
(91, 88, NULL, 18, 1),
(92, 102, NULL, 18, 1),
(93, 105, NULL, 18, 1),
(94, 114, NULL, 18, 1),
(95, 122, NULL, 18, 1),
(96, 127, NULL, 18, 1),
(97, 132, NULL, 18, 1),
(98, 80, NULL, 18, 1),
(99, 85, 28, 18, 1),
(100, 89, NULL, 18, 1),
(101, 103, NULL, 18, 1),
(102, 106, NULL, 18, 1),
(103, 115, NULL, 18, 1),
(104, 123, NULL, 18, 1),
(105, 128, NULL, 18, 1),
(106, 133, NULL, 18, 1),
(107, 145, NULL, 18, 1),
(108, 148, NULL, 18, 1),
(109, 149, NULL, 18, 1),
(110, 150, NULL, 18, 1),
(111, 10, 14, 18, 1),
(112, 23, NULL, 18, 1),
(113, 40, NULL, 18, 1),
(114, 13, NULL, 18, 1),
(115, 18, NULL, 18, 1),
(116, 26, NULL, 18, 1),
(117, 32, NULL, 18, 1),
(118, 11, 14, 18, 1),
(119, 24, NULL, 18, 1),
(120, 41, NULL, 18, 1),
(121, 14, NULL, 18, 1),
(122, 19, NULL, 18, 1),
(123, 27, NULL, 18, 1),
(124, 15, NULL, 18, 1),
(125, 20, NULL, 18, 1),
(126, 28, NULL, 18, 1),
(127, 16, NULL, 18, 1),
(128, 21, NULL, 18, 1),
(129, 29, NULL, 18, 1),
(130, 33, NULL, 18, 1),
(131, 34, NULL, 18, 1),
(132, 35, NULL, 18, 1),
(133, 36, NULL, 18, 1),
(134, 37, NULL, 18, 1),
(135, 38, NULL, 18, 1),
(136, 1, NULL, 18, 1),
(137, 8, NULL, 18, 1),
(138, 2, NULL, 18, 1),
(139, 3, NULL, 18, 1),
(140, 4, NULL, 18, 1),
(141, 5, NULL, 18, 1),
(142, 6, NULL, 18, 1),
(143, 7, NULL, 18, 1),
(144, 42, NULL, 18, 1),
(145, 43, NULL, 18, 1),
(146, 44, NULL, 18, 1),
(147, 45, NULL, 18, 1),
(148, 46, NULL, 18, 1),
(149, 47, NULL, 18, 1),
(150, 48, NULL, 18, 1),
(257, 256, NULL, 18, 1),
(258, 264, NULL, 18, 1),
(259, 257, 19, 18, 1),
(260, 258, 19, 18, 1),
(261, 259, 65, 18, 1),
(262, 260, 19, 18, 1),
(263, 261, 65, 18, 1),
(264, 262, 19, 18, 1),
(265, 263, 65, 18, 1),
(272, 272, NULL, 18, 1),
(273, 273, 65, 18, 1),
(274, 274, 65, 18, 1),
(275, 279, 10, 18, 1),
(276, 280, 10, 18, 1),
(277, 281, 65, 18, 1),
(282, 286, NULL, 18, 1),
(283, 294, 18, 18, 1),
(284, 305, 18, 18, 1),
(285, 288, NULL, 18, 1),
(286, 291, NULL, 18, 1),
(287, 296, 18, 18, 1),
(288, 299, 53, 18, 1),
(289, 300, 30, 18, 1),
(290, 287, NULL, 18, 1),
(291, 295, 18, 18, 1),
(292, 306, 18, 18, 1),
(293, 289, NULL, 18, 1),
(294, 292, NULL, 18, 1),
(295, 297, 18, 18, 1),
(296, 290, NULL, 18, 1),
(297, 293, NULL, 18, 1),
(298, 298, 18, 18, 1),
(299, 301, 53, 18, 1),
(300, 302, 18, 18, 1),
(301, 303, 18, 18, 1),
(302, 304, 30, 18, 1);

--
-- Déchargement des données de la table `INFO_etat_module`
--

INSERT INTO `INFO_etat_module` (`id_etat_module`, `etat`, `commentaire`, `id_responsable`) VALUES
(1, 'Prod', 'Module en production', NULL),
(2, 'PROJ-IDU-A', 'Projet IDU en alternance', 18),
(3, 'PROJ-SNI-A', 'Projet SNI en alternance', 12);

--
-- Déchargement des données de la table `LNM_enseignant`
--

INSERT INTO `LNM_enseignant` (`id_enseignant`, `prenom`, `nom`, `mail`, `password`, `statut`, `id_discipline`, `composante`, `service statutaire`, `décharge`, `service effectif`, `HCAutorisees`, `fullName`, `commentaire`) VALUES
(6, 'FABRICE', 'LE SAINT', 'FABRICE.LE_SAINT@truc.com', NULL, 'permanent', 1, 'Polytech', 192, 48, 144, 0, 'FABRICE_LE_SAINT', 'PAS HC : decharge PIX 48h'),
(8, 'CLAIRE', 'IRAOLA', 'CLAIRE.IRAOLA@truc.com', NULL, 'permanent', 1, 'Polytech', 192, 96, 96, 1, 'CLAIRE_IRAOLA', '32h UNITA, 64h Hype13'),
(9, 'PIERRE-ANTOINE', 'PLAZONNET', 'PIERRE-ANTOINE.PLAZONNET@truc.com', NULL, 'permanent', 1, 'Polytech', 96, 0, 96, 1, 'PIERRE-ANTOINE_PLAZONNET', 'USMB 96h + Polytech 30h (126h)'),
(10, 'QUENTIN', 'MORIAUX', 'QUENTIN.MORIAUX@truc.com', NULL, 'permanent', 1, 'Polytech', 192, 0, 192, 1, 'QUENTIN_MORIAUX', NULL),
(11, 'LAETICIA', 'COUBLE', 'LAETICIA.COUBLE@truc.com', NULL, 'permanent', 1, 'Polytech', 192, 192, 0, 1, 'LAETICIA_COUBLE', 'Arret'),
(12, 'BENOIT', 'DILHAC', 'BENOIT.DILHAC@truc.com', NULL, 'permanent', 1, 'Polytech', 192, 0, 192, 1, 'BENOIT_DILHAC', '51h TS'),
(13, 'STEPHANIE', 'PINCELOUP', 'STEPHANIE.PINCELOUP@truc.com', NULL, 'permanent', 1, 'Polytech', 192, 0, 192, 1, 'STEPHANIE_PINCELOUP', NULL),
(14, 'AMELIE', 'CODRON', 'AMELIE.CODRON@truc.com', NULL, 'permanent', 1, 'Polytech', 192, 0, 192, 1, 'AMELIE_CODRON', NULL),
(15, 'FLORENCE', 'SERRE', 'FLORENCE.SERRE@truc.com', NULL, 'permanent', 1, 'Polytech', 192, 16, 176, 1, 'FLORENCE_SERRE', 'Decharge 16h Dir LISTIC'),
(16, 'FLORENCE', 'PY', 'FLORENCE.PY@truc.com', NULL, 'permanent', 1, 'Polytech', 192, 0, 192, 1, 'FLORENCE_PY', NULL),
(17, 'MATHIEU', 'LE DREVO', 'MATHIEU.LE_DREVO@truc.com', NULL, 'permanent', 1, 'Polytech', 192, 116, 76, 0, 'MATHIEU_LE_DREVO', 'mise à disposition DGESIP 60%'),
(18, 'SEBASTIEN', 'BOCHET', 'SEBASTIEN.BOCHET@truc.com', NULL, 'permanent', 1, 'Polytech', 192, 30, 162, 1, 'SEBASTIEN_BOCHET', NULL),
(19, 'NICOLAS', 'CUCCO', 'NICOLAS.CUCCO@truc.com', NULL, 'permanent', 1, 'Polytech', 192, 36, 156, 1, 'NICOLAS_CUCCO', '73,5 EASI'),
(21, 'BENJAMIN', 'VIVES', 'BENJAMIN.VIVES@truc.com', NULL, 'vacataire', 1, '', 0, 0, 0, 1, 'BENJAMIN_VIVES', NULL),
(23, 'STEPHANE', 'BEQUET', 'STEPHANE.BEQUET@truc.com', NULL, 'vacataire', 1, '', 0, 0, 0, 1, 'STEPHANE_BEQUET', 'Doc 64h max '),
(24, 'ARNAUD', 'BEURDELEY THOMAS', 'ARNAUD.BEURDELEY_THOMAS@truc.com', NULL, 'permanent', NULL, 'Polytech', 0, 0, 0, 1, 'ARNAUD_BEURDELEY_THOMAS', NULL),
(25, 'YANN', 'HEALY', 'YANN.HEALY@truc.com', NULL, 'vacataire', 1, '', 0, 0, 0, 1, 'YANN_HEALY', NULL),
(28, 'ALBAN', 'AYMES', 'ALBAN.AYMES@truc.com', NULL, 'vacataire', 1, '', 0, 0, 0, 0, 'ALBAN_AYMES', 'Doc 64h max '),
(29, 'CYRILLE', 'CHEMANA', 'CYRILLE.CHEMANA@truc.com', NULL, 'vacataire', 1, '', 0, 0, 0, 1, 'CYRILLE_CHEMANA', 'PRAG de SceM'),
(30, 'YOANN', 'BRASSE', 'YOANN.BRASSE@truc.com', NULL, 'vacataire', 1, '', 0, 0, 0, 1, 'YOANN_BRASSE', 'McF SYMME/Polytech'),
(32, 'CEDRIC', 'ALVERA', 'CEDRIC.ALVERA@truc.com', NULL, 'vacataire', 1, '', 0, 0, 0, 1, 'CEDRIC_ALVERA', NULL),
(33, 'PASCALE', 'PLANELLES', 'PASCALE.PLANELLES@truc.com', NULL, 'vacataire', 1, '', 0, 0, 0, 1, 'PASCALE_PLANELLES', NULL),
(34, 'DAMIEN', 'LANGUILLAT', 'DAMIEN.LANGUILLAT@truc.com', NULL, 'permanent', NULL, '', 0, 0, 0, 1, 'DAMIEN_LANGUILLAT', NULL),
(36, 'CELINE', 'MAITROT', 'CELINE.MAITROT@truc.com', NULL, 'vacataire', 1, '', 0, 0, 0, 1, 'CELINE_MAITROT', NULL),
(37, 'YOANN', 'VIARD CRETAT', 'YOANN.VIARD_CRETAT@truc.com', NULL, 'vacataire', 1, '', 0, 0, 0, 1, 'YOANN_VIARD_CRETAT', NULL),
(38, 'LAURENT', 'PONCEAU', 'LAURENT.PONCEAU@truc.com', NULL, 'vacataire', NULL, '', 0, 0, 0, 1, 'LAURENT_PONCEAU', NULL),
(39, 'AUBRY', 'KURTZ', 'AUBRY.KURTZ@truc.com', NULL, 'vacataire', 1, '', 0, 0, 0, 0, 'AUBRY_KURTZ', 'Doc 64h max '),
(41, 'EMMANUELLE', 'MAGNARD', 'EMMANUELLE.MAGNARD@truc.com', NULL, 'vacataire', NULL, '', 0, 0, 0, 0, 'EMMANUELLE_MAGNARD', 'Doc 64h max '),
(42, 'STEPHANE', 'MARTIN', 'STEPHANE.MARTIN@truc.com', NULL, 'vacataire', 1, '', 0, 0, 0, 0, 'STEPHANE_MARTIN', 'Doc 64h max '),
(43, 'LAETITIA', 'MATHIEU', 'LAETITIA.MATHIEU@truc.com', NULL, 'vacataire', 1, '', 0, 0, 0, 0, 'LAETITIA_MATHIEU', 'Doc 64h max '),
(44, 'CEDRIC', 'LE TOUTOUZE', 'CEDRIC.LE_TOUTOUZE@truc.com', NULL, 'vacataire', 1, '', 0, 0, 0, 0, 'CEDRIC_LE_TOUTOUZE', 'Doc 64h max '),
(45, 'REMI', 'MACCARIO', 'REMI.MACCARIO@truc.com', NULL, 'vacataire', 1, '', 0, 0, 0, 0, 'REMI_MACCARIO', 'Doc 64h max '),
(46, 'DIMITRI', 'ANTONIN MORCH', 'DIMITRI.ANTONIN_MORCH@truc.com', NULL, 'vacataire', NULL, '', 0, 0, 0, 0, 'DIMITRI_ANTONIN_MORCH', 'Doc 64h max '),
(47, 'JULIANNE', 'SOUDAN', 'JULIANNE.SOUDAN@truc.com', NULL, 'vacataire', 1, '', 0, 0, 0, 0, 'JULIANNE_SOUDAN', 'Doc 64h max '),
(49, 'NATHALIE', 'GELAS', 'NATHALIE.GELAS@truc.com', NULL, 'vacataire', 1, NULL, 0, 0, 0, 1, 'NATHALIE_GELAS', NULL),
(51, 'PIERRE', 'ACHARD', 'PIERRE.ACHARD@truc.com', NULL, 'permanent', 1, NULL, 96, 0, 96, 1, 'PIERRE_ACHARD', NULL),
(52, 'DANIEL', 'MALIKIAN', 'DANIEL.MALIKIAN@truc.com', NULL, 'vacataire', 1, NULL, 0, 0, 0, 1, 'DANIEL_MALIKIAN', 'Doc 64h max '),
(53, 'FLORENCE', 'MOISSIARD', 'FLORENCE.MOISSIARD@truc.com', NULL, 'vacataire', 1, NULL, 0, 0, 0, 1, 'FLORENCE_MOISSIARD', 'Doc Bourget 64h max '),
(54, 'NATHALIE', 'KOBES', 'NATHALIE.KOBES@truc.com', NULL, 'vacataire', NULL, NULL, 0, 0, 0, 1, 'NATHALIE_KOBES', NULL),
(55, 'MARC', 'WESTENHOFER', 'MARC.WESTENHOFER@truc.com', NULL, 'vacataire', NULL, NULL, 0, 0, 0, 1, 'MARC_WESTENHOFER', NULL),
(56, 'MICHAEL', 'BALAY', 'MICHAEL.BALAY@truc.com', NULL, 'vacataire', 1, NULL, 0, 0, 0, 1, 'MICHAEL_BALAY', NULL),
(57, 'MICKAEL', 'GRABIT', 'MICKAEL.GRABIT@truc.com', NULL, 'vacataire', NULL, NULL, 0, 0, 0, 1, 'MICKAEL_GRABIT', NULL),
(58, 'LUDOVIC', 'GIRARDOT', 'LUDOVIC.GIRARDOT@truc.com', NULL, 'vacataire', NULL, NULL, 0, 0, 0, 1, 'LUDOVIC_GIRARDOT', NULL),
(59, 'BRICE', 'PETITJEAN', 'BRICE.PETITJEAN@truc.com', NULL, 'vacataire', NULL, NULL, 0, 0, 0, 1, 'BRICE_PETITJEAN', NULL),
(60, 'NADINE', 'SERAND', 'NADINE.SERAND@truc.com', NULL, 'vacataire', NULL, NULL, 0, 0, 0, 1, 'NADINE_SERAND', NULL),
(61, 'CHRISTOPHE', 'LIEGE', 'CHRISTOPHE.LIEGE@truc.com', NULL, 'vacataire', NULL, NULL, 0, 0, 0, 1, 'CHRISTOPHE_LIEGE', NULL),
(62, 'CELINE', 'HENRY', 'CELINE.HENRY@truc.com', NULL, 'vacataire', NULL, NULL, 0, 0, 0, 1, 'CELINE_HENRY', NULL),
(63, 'CELINE', 'PUBERL', 'CELINE.PUBERL@truc.com', NULL, 'vacataire', NULL, NULL, 0, 0, 0, 1, 'CELINE_PUBERL', NULL),
(64, 'ERIC', 'LE MOAL', 'ERIC.LE_MOAL@truc.com', NULL, 'vacataire', NULL, NULL, 0, 0, 0, 1, 'ERIC_LE_MOAL', NULL),
(65, 'CATHERINE', 'LOISEAU', 'CATHERINE.LOISEAU@truc.com', NULL, 'permanent', 1, 'Polytech', 192, 64, 128, 0, 'CATHERINE_LOISEAU', NULL);

--
-- Déchargement des données de la table `LNM_etudiant`
--

INSERT INTO `LNM_etudiant` (`id_etudiant`, `nom`, `prenom`, `mail`, `password`, `id_promo`) VALUES
(1, 'BONNIFAIT', 'LAURENT', 'LAURENT.BONNIFAIT@machin.com', '$2y$10$sr7kFLecwNzaaItZI0MWSu4oxVi.APy0hjaaXPL8zurGvAHaA5LnK', 13),
(2, 'CELLAURO', 'FREDERIC', 'FREDERIC.CELLAURO@machin.com', '$2y$10$sr7kFLecwNzaaItZI0MWSu4oxVi.APy0hjaaXPL8zurGvAHaA5LnK', 10),
(3, 'LE JAN', 'SEBASTIEN', 'SEBASTIEN.LE JAN@machin.com', '$2y$10$sr7kFLecwNzaaItZI0MWSu4oxVi.APy0hjaaXPL8zurGvAHaA5LnK', 14),
(4, 'CHRISTIAN', 'PIERRE', 'PIERRE.CHRISTIAN@machin.com', '$2y$10$sr7kFLecwNzaaItZI0MWSu4oxVi.APy0hjaaXPL8zurGvAHaA5LnK', 29),
(5, 'MONTUSSANC', 'DELPHINE', 'DELPHINE.MONTUSSANC@machin.com', '$2y$10$sr7kFLecwNzaaItZI0MWSu4oxVi.APy0hjaaXPL8zurGvAHaA5LnK', 12),
(6, 'ROUSSEL', 'OLIVIER', 'OLIVIER.ROUSSEL@machin.com', '$2y$10$sr7kFLecwNzaaItZI0MWSu4oxVi.APy0hjaaXPL8zurGvAHaA5LnK', 11),
(7, 'POMERO', 'CLAIRE', 'CLAIRE.POMERO@machin.com', '$2y$10$sr7kFLecwNzaaItZI0MWSu4oxVi.APy0hjaaXPL8zurGvAHaA5LnK', 6),
(8, 'BALMONT', 'VIRGINIE', 'VIRGINIE.BALMONT@machin.com', '$2y$10$sr7kFLecwNzaaItZI0MWSu4oxVi.APy0hjaaXPL8zurGvAHaA5LnK', 29),
(9, 'BROVILLE', 'FABIEN', 'FABIEN.BROVILLE@machin.com', '$2y$10$sr7kFLecwNzaaItZI0MWSu4oxVi.APy0hjaaXPL8zurGvAHaA5LnK', 6),
(10, 'GOUDEAU', 'ELODIE', 'ELODIE.GOUDEAU@machin.com', '$2y$10$sr7kFLecwNzaaItZI0MWSu4oxVi.APy0hjaaXPL8zurGvAHaA5LnK', 20),
(11, 'BATTE', 'THOMAS', 'THOMAS.BATTE@machin.com', '$2y$10$sr7kFLecwNzaaItZI0MWSu4oxVi.APy0hjaaXPL8zurGvAHaA5LnK', 11),
(12, 'LE CLEAC\'H', 'ARMEL', 'ARMEL.LE CLEAC\'H@machin.com', '$2y$10$sr7kFLecwNzaaItZI0MWSu4oxVi.APy0hjaaXPL8zurGvAHaA5LnK', 8),
(13, 'MORIN', 'PIERRE', 'PIERRE.MORIN@machin.com', '$2y$10$sr7kFLecwNzaaItZI0MWSu4oxVi.APy0hjaaXPL8zurGvAHaA5LnK', 19),
(14, 'CHAUCHAIX', 'LISE', 'LISE.CHAUCHAIX@machin.com', '$2y$10$sr7kFLecwNzaaItZI0MWSu4oxVi.APy0hjaaXPL8zurGvAHaA5LnK', 14),
(15, 'DE LORENZI', 'MARC', 'MARC.DE LORENZI@machin.com', '$2y$10$sr7kFLecwNzaaItZI0MWSu4oxVi.APy0hjaaXPL8zurGvAHaA5LnK', 24),
(16, 'PONCHON', 'SOPHIE', 'SOPHIE.PONCHON@machin.com', '$2y$10$sr7kFLecwNzaaItZI0MWSu4oxVi.APy0hjaaXPL8zurGvAHaA5LnK', 10),
(17, 'ALARCON', 'CHRISTOPHE', 'CHRISTOPHE.ALARCON@machin.com', '$2y$10$sr7kFLecwNzaaItZI0MWSu4oxVi.APy0hjaaXPL8zurGvAHaA5LnK', 17),
(18, 'DE LAFERRIERE', 'JULIEN', 'JULIEN.DE LAFERRIERE@machin.com', '$2y$10$sr7kFLecwNzaaItZI0MWSu4oxVi.APy0hjaaXPL8zurGvAHaA5LnK', 12),
(19, 'CHAUFER', 'BERTRAND', 'BERTRAND.CHAUFER@machin.com', '$2y$10$sr7kFLecwNzaaItZI0MWSu4oxVi.APy0hjaaXPL8zurGvAHaA5LnK', 11),
(20, 'CAMARASA', 'MELANIE', 'MELANIE.CAMARASA@machin.com', '$2y$10$sr7kFLecwNzaaItZI0MWSu4oxVi.APy0hjaaXPL8zurGvAHaA5LnK', 19),
(21, 'JOLY', 'CELINE', 'CELINE.JOLY@machin.com', '$2y$10$sr7kFLecwNzaaItZI0MWSu4oxVi.APy0hjaaXPL8zurGvAHaA5LnK', 16),
(22, 'SOULARD', 'CHRISTOPHE', 'CHRISTOPHE.SOULARD@machin.com', '$2y$10$sr7kFLecwNzaaItZI0MWSu4oxVi.APy0hjaaXPL8zurGvAHaA5LnK', 23),
(23, 'POINARD', 'JULIE', 'JULIE.POINARD@machin.com', '$2y$10$sr7kFLecwNzaaItZI0MWSu4oxVi.APy0hjaaXPL8zurGvAHaA5LnK', 20),
(24, 'PHILIPPE', 'JEAN', 'JEAN.PHILIPPE@machin.com', '$2y$10$sr7kFLecwNzaaItZI0MWSu4oxVi.APy0hjaaXPL8zurGvAHaA5LnK', 9),
(25, 'TIRAT', 'ALINE', 'ALINE.TIRAT@machin.com', '$2y$10$sr7kFLecwNzaaItZI0MWSu4oxVi.APy0hjaaXPL8zurGvAHaA5LnK', 5),
(26, 'BRUNAT', 'LAURENT', 'LAURENT.BRUNAT@machin.com', '$2y$10$sr7kFLecwNzaaItZI0MWSu4oxVi.APy0hjaaXPL8zurGvAHaA5LnK', 11),
(27, 'FILLON', 'GWENAELLE', 'GWENAELLE.FILLON@machin.com', '$2y$10$sr7kFLecwNzaaItZI0MWSu4oxVi.APy0hjaaXPL8zurGvAHaA5LnK', 8),
(28, 'KEHRLI', 'ANTOINE', 'ANTOINE.KEHRLI@machin.com', '$2y$10$sr7kFLecwNzaaItZI0MWSu4oxVi.APy0hjaaXPL8zurGvAHaA5LnK', 13),
(29, 'PIERRE', 'JEROME', 'JEROME.PIERRE@machin.com', '$2y$10$sr7kFLecwNzaaItZI0MWSu4oxVi.APy0hjaaXPL8zurGvAHaA5LnK', 30),
(30, 'MOESL', 'AURELIE', 'AURELIE.MOESL@machin.com', '$2y$10$sr7kFLecwNzaaItZI0MWSu4oxVi.APy0hjaaXPL8zurGvAHaA5LnK', 15),
(31, 'DOLLMANN', 'MARIE', 'MARIE.DOLLMANN@machin.com', '$2y$10$sr7kFLecwNzaaItZI0MWSu4oxVi.APy0hjaaXPL8zurGvAHaA5LnK', 29),
(32, 'SARDOU', 'SAMMY', 'SAMMY.SARDOU@machin.com', '$2y$10$sr7kFLecwNzaaItZI0MWSu4oxVi.APy0hjaaXPL8zurGvAHaA5LnK', 20),
(33, 'GOUEZE', 'CHRISTOPHE', 'CHRISTOPHE.GOUEZE@machin.com', '$2y$10$sr7kFLecwNzaaItZI0MWSu4oxVi.APy0hjaaXPL8zurGvAHaA5LnK', 28),
(34, 'COQUET', 'CEDRIC', 'CEDRIC.COQUET@machin.com', '$2y$10$sr7kFLecwNzaaItZI0MWSu4oxVi.APy0hjaaXPL8zurGvAHaA5LnK', 18),
(35, 'NEUMANN', 'EMMANUELLE', 'EMMANUELLE.NEUMANN@machin.com', '$2y$10$sr7kFLecwNzaaItZI0MWSu4oxVi.APy0hjaaXPL8zurGvAHaA5LnK', 23),
(36, 'BOISNE-NOC', 'MICKAEL', 'MICKAEL.BOISNE-NOC@machin.com', '$2y$10$sr7kFLecwNzaaItZI0MWSu4oxVi.APy0hjaaXPL8zurGvAHaA5LnK', 8),
(37, 'VALET', 'JEROME', 'JEROME.VALET@machin.com', '$2y$10$sr7kFLecwNzaaItZI0MWSu4oxVi.APy0hjaaXPL8zurGvAHaA5LnK', 17),
(38, 'DARY', 'CYRILLE', 'CYRILLE.DARY@machin.com', '$2y$10$sr7kFLecwNzaaItZI0MWSu4oxVi.APy0hjaaXPL8zurGvAHaA5LnK', 5),
(39, 'OTHONIEL', 'CLARA', 'CLARA.OTHONIEL@machin.com', '$2y$10$sr7kFLecwNzaaItZI0MWSu4oxVi.APy0hjaaXPL8zurGvAHaA5LnK', 20),
(40, 'VIDALIE', 'JEROME', 'JEROME.VIDALIE@machin.com', '$2y$10$sr7kFLecwNzaaItZI0MWSu4oxVi.APy0hjaaXPL8zurGvAHaA5LnK', 28),
(41, 'DENIS', 'RAPHAEL', 'RAPHAEL.DENIS@machin.com', '$2y$10$sr7kFLecwNzaaItZI0MWSu4oxVi.APy0hjaaXPL8zurGvAHaA5LnK', 17),
(42, 'RE', 'JEROME', 'JEROME.RE@machin.com', '$2y$10$sr7kFLecwNzaaItZI0MWSu4oxVi.APy0hjaaXPL8zurGvAHaA5LnK', 30),
(43, 'DESRUES', 'ARMEL', 'ARMEL.DESRUES@machin.com', '$2y$10$sr7kFLecwNzaaItZI0MWSu4oxVi.APy0hjaaXPL8zurGvAHaA5LnK', 23),
(44, 'JUNG', 'VINCENT', 'VINCENT.JUNG@machin.com', '$2y$10$sr7kFLecwNzaaItZI0MWSu4oxVi.APy0hjaaXPL8zurGvAHaA5LnK', 24),
(45, 'VIOLET', 'NICOLAS', 'NICOLAS.VIOLET@machin.com', '$2y$10$sr7kFLecwNzaaItZI0MWSu4oxVi.APy0hjaaXPL8zurGvAHaA5LnK', 29),
(46, 'ALMERAS', 'FABRICE', 'FABRICE.ALMERAS@machin.com', '$2y$10$sr7kFLecwNzaaItZI0MWSu4oxVi.APy0hjaaXPL8zurGvAHaA5LnK', 16),
(47, 'TARDIEU', 'NICOLAS', 'NICOLAS.TARDIEU@machin.com', '$2y$10$sr7kFLecwNzaaItZI0MWSu4oxVi.APy0hjaaXPL8zurGvAHaA5LnK', 16),
(48, 'PAILLET', 'YANNICK', 'YANNICK.PAILLET@machin.com', '$2y$10$sr7kFLecwNzaaItZI0MWSu4oxVi.APy0hjaaXPL8zurGvAHaA5LnK', 10),
(49, 'BESNOUIN', 'LAURENCE', 'LAURENCE.BESNOUIN@machin.com', '$2y$10$sr7kFLecwNzaaItZI0MWSu4oxVi.APy0hjaaXPL8zurGvAHaA5LnK', 15),
(50, 'POIRAUD', 'NICOLAS', 'NICOLAS.POIRAUD@machin.com', '$2y$10$sr7kFLecwNzaaItZI0MWSu4oxVi.APy0hjaaXPL8zurGvAHaA5LnK', 16),
(51, 'SCHERMESSER', 'STEPHANIE', 'STEPHANIE.SCHERMESSER@machin.com', '$2y$10$sr7kFLecwNzaaItZI0MWSu4oxVi.APy0hjaaXPL8zurGvAHaA5LnK', 29),
(52, 'PLESSIS', 'SEVERINE', 'SEVERINE.PLESSIS@machin.com', '$2y$10$sr7kFLecwNzaaItZI0MWSu4oxVi.APy0hjaaXPL8zurGvAHaA5LnK', 23),
(53, 'CLAVEL', 'SYLVAIN', 'SYLVAIN.CLAVEL@machin.com', '$2y$10$sr7kFLecwNzaaItZI0MWSu4oxVi.APy0hjaaXPL8zurGvAHaA5LnK', 30),
(54, 'VIARD', 'FABIEN', 'FABIEN.VIARD@machin.com', '$2y$10$sr7kFLecwNzaaItZI0MWSu4oxVi.APy0hjaaXPL8zurGvAHaA5LnK', 6),
(55, 'CUISNIER', 'OLIVIER', 'OLIVIER.CUISNIER@machin.com', '$2y$10$sr7kFLecwNzaaItZI0MWSu4oxVi.APy0hjaaXPL8zurGvAHaA5LnK', 13),
(56, 'MONTAGNE', 'CYRIL', 'CYRIL.MONTAGNE@machin.com', '$2y$10$sr7kFLecwNzaaItZI0MWSu4oxVi.APy0hjaaXPL8zurGvAHaA5LnK', 20),
(57, 'MARCHAL', 'FREDERIC', 'FREDERIC.MARCHAL@machin.com', '$2y$10$sr7kFLecwNzaaItZI0MWSu4oxVi.APy0hjaaXPL8zurGvAHaA5LnK', 2),
(58, 'BRETONNIER', 'SABRINA', 'SABRINA.BRETONNIER@machin.com', '$2y$10$sr7kFLecwNzaaItZI0MWSu4oxVi.APy0hjaaXPL8zurGvAHaA5LnK', 25),
(59, 'BALMER', 'FABRICE', 'FABRICE.BALMER@machin.com', '$2y$10$sr7kFLecwNzaaItZI0MWSu4oxVi.APy0hjaaXPL8zurGvAHaA5LnK', 10),
(60, 'ALLAIN', 'ANNE', 'ANNE.ALLAIN@machin.com', '$2y$10$sr7kFLecwNzaaItZI0MWSu4oxVi.APy0hjaaXPL8zurGvAHaA5LnK', 27),
(61, 'VILLENEUVE', 'JEAN-MARC', 'JEAN-MARC.VILLENEUVE@machin.com', '$2y$10$sr7kFLecwNzaaItZI0MWSu4oxVi.APy0hjaaXPL8zurGvAHaA5LnK', 6),
(62, 'FRANCILLON', 'MARC', 'MARC.FRANCILLON@machin.com', '$2y$10$sr7kFLecwNzaaItZI0MWSu4oxVi.APy0hjaaXPL8zurGvAHaA5LnK', 10),
(63, 'THUET', 'MYRIAM', 'MYRIAM.THUET@machin.com', '$2y$10$sr7kFLecwNzaaItZI0MWSu4oxVi.APy0hjaaXPL8zurGvAHaA5LnK', 24),
(64, 'PICHARD', 'CECILE', 'CECILE.PICHARD@machin.com', '$2y$10$sr7kFLecwNzaaItZI0MWSu4oxVi.APy0hjaaXPL8zurGvAHaA5LnK', 9),
(65, 'TEPPOZ', 'LAURENT', 'LAURENT.TEPPOZ@machin.com', '$2y$10$sr7kFLecwNzaaItZI0MWSu4oxVi.APy0hjaaXPL8zurGvAHaA5LnK', 16),
(66, 'PETIT', 'MICKAEL', 'MICKAEL.PETIT@machin.com', '$2y$10$sr7kFLecwNzaaItZI0MWSu4oxVi.APy0hjaaXPL8zurGvAHaA5LnK', 8),
(67, 'BOULLE', 'ADELINE', 'ADELINE.BOULLE@machin.com', '$2y$10$sr7kFLecwNzaaItZI0MWSu4oxVi.APy0hjaaXPL8zurGvAHaA5LnK', 16),
(68, 'D\'ELBOEUF', 'CLOTILDE', 'CLOTILDE.D\'ELBOEUF@machin.com', '$2y$10$sr7kFLecwNzaaItZI0MWSu4oxVi.APy0hjaaXPL8zurGvAHaA5LnK', 29),
(69, 'SAHUC', 'JULIE', 'JULIE.SAHUC@machin.com', '$2y$10$sr7kFLecwNzaaItZI0MWSu4oxVi.APy0hjaaXPL8zurGvAHaA5LnK', 7),
(70, 'HENRIOUD', 'AUDREY', 'AUDREY.HENRIOUD@machin.com', '$2y$10$sr7kFLecwNzaaItZI0MWSu4oxVi.APy0hjaaXPL8zurGvAHaA5LnK', 19),
(71, 'ROUX', 'CHRISTELLE', 'CHRISTELLE.ROUX@machin.com', '$2y$10$sr7kFLecwNzaaItZI0MWSu4oxVi.APy0hjaaXPL8zurGvAHaA5LnK', 10),
(72, 'TEDESCO', 'PABLO', 'PABLO.TEDESCO@machin.com', '$2y$10$sr7kFLecwNzaaItZI0MWSu4oxVi.APy0hjaaXPL8zurGvAHaA5LnK', 10),
(73, 'TROUILLET', 'ROMAIN', 'ROMAIN.TROUILLET@machin.com', '$2y$10$sr7kFLecwNzaaItZI0MWSu4oxVi.APy0hjaaXPL8zurGvAHaA5LnK', 13),
(74, 'MAHIAS', 'SOPHIE', 'SOPHIE.MAHIAS@machin.com', '$2y$10$sr7kFLecwNzaaItZI0MWSu4oxVi.APy0hjaaXPL8zurGvAHaA5LnK', 29),
(75, 'PAVIET', 'FREDERIC', 'FREDERIC.PAVIET@machin.com', '$2y$10$sr7kFLecwNzaaItZI0MWSu4oxVi.APy0hjaaXPL8zurGvAHaA5LnK', 5),
(76, 'SAUGEY', 'REGIS', 'REGIS.SAUGEY@machin.com', '$2y$10$sr7kFLecwNzaaItZI0MWSu4oxVi.APy0hjaaXPL8zurGvAHaA5LnK', 25),
(77, 'GARET', 'MAXIME', 'MAXIME.GARET@machin.com', '$2y$10$sr7kFLecwNzaaItZI0MWSu4oxVi.APy0hjaaXPL8zurGvAHaA5LnK', 20),
(78, 'ALLEAU', 'GWENAEL', 'GWENAEL.ALLEAU@machin.com', '$2y$10$sr7kFLecwNzaaItZI0MWSu4oxVi.APy0hjaaXPL8zurGvAHaA5LnK', 17),
(79, 'CHAMPION', 'NICOLAS', 'NICOLAS.CHAMPION@machin.com', '$2y$10$sr7kFLecwNzaaItZI0MWSu4oxVi.APy0hjaaXPL8zurGvAHaA5LnK', 5),
(80, 'TOCABENS', 'EMRYCK', 'EMRYCK.TOCABENS@machin.com', '$2y$10$sr7kFLecwNzaaItZI0MWSu4oxVi.APy0hjaaXPL8zurGvAHaA5LnK', 18),
(81, 'PACCOU', 'NICOLAS', 'NICOLAS.PACCOU@machin.com', '$2y$10$sr7kFLecwNzaaItZI0MWSu4oxVi.APy0hjaaXPL8zurGvAHaA5LnK', 20),
(82, 'TAKUN', 'AMEENA', 'AMEENA.TAKUN@machin.com', '$2y$10$sr7kFLecwNzaaItZI0MWSu4oxVi.APy0hjaaXPL8zurGvAHaA5LnK', 8),
(83, 'HIGONET', 'CEDRIC', 'CEDRIC.HIGONET@machin.com', '$2y$10$sr7kFLecwNzaaItZI0MWSu4oxVi.APy0hjaaXPL8zurGvAHaA5LnK', 2),
(84, 'ROUSSEAU', 'ALAN', 'ALAN.ROUSSEAU@machin.com', '$2y$10$sr7kFLecwNzaaItZI0MWSu4oxVi.APy0hjaaXPL8zurGvAHaA5LnK', 7),
(85, 'AUFFRET', 'YVICK', 'YVICK.AUFFRET@machin.com', '$2y$10$sr7kFLecwNzaaItZI0MWSu4oxVi.APy0hjaaXPL8zurGvAHaA5LnK', 26),
(86, 'PRETAT', 'STEPHANIE', 'STEPHANIE.PRETAT@machin.com', '$2y$10$sr7kFLecwNzaaItZI0MWSu4oxVi.APy0hjaaXPL8zurGvAHaA5LnK', 23),
(87, 'LOUP', 'CORINNE', 'CORINNE.LOUP@machin.com', '$2y$10$sr7kFLecwNzaaItZI0MWSu4oxVi.APy0hjaaXPL8zurGvAHaA5LnK', 25),
(88, 'CHAMORET', 'AURELIE', 'AURELIE.CHAMORET@machin.com', '$2y$10$sr7kFLecwNzaaItZI0MWSu4oxVi.APy0hjaaXPL8zurGvAHaA5LnK', 27),
(89, 'LATSCHA', 'ANNE-AUDREY', 'ANNE-AUDREY.LATSCHA@machin.com', '$2y$10$sr7kFLecwNzaaItZI0MWSu4oxVi.APy0hjaaXPL8zurGvAHaA5LnK', 16),
(90, 'KOCH', 'SEBASTIEN', 'SEBASTIEN.KOCH@machin.com', '$2y$10$sr7kFLecwNzaaItZI0MWSu4oxVi.APy0hjaaXPL8zurGvAHaA5LnK', 25),
(91, 'DELAVAL', 'JULIEN', 'JULIEN.DELAVAL@machin.com', '$2y$10$sr7kFLecwNzaaItZI0MWSu4oxVi.APy0hjaaXPL8zurGvAHaA5LnK', 19),
(92, 'LEGRAND', 'LUC', 'LUC.LEGRAND@machin.com', '$2y$10$sr7kFLecwNzaaItZI0MWSu4oxVi.APy0hjaaXPL8zurGvAHaA5LnK', 10),
(93, 'BILON', 'JEAN-MICHEL', 'JEAN-MICHEL.BILON@machin.com', '$2y$10$sr7kFLecwNzaaItZI0MWSu4oxVi.APy0hjaaXPL8zurGvAHaA5LnK', 28),
(94, 'DERELLE', 'ROMAIN', 'ROMAIN.DERELLE@machin.com', '$2y$10$sr7kFLecwNzaaItZI0MWSu4oxVi.APy0hjaaXPL8zurGvAHaA5LnK', 27),
(95, 'LORANT', 'CELINE', 'CELINE.LORANT@machin.com', '$2y$10$sr7kFLecwNzaaItZI0MWSu4oxVi.APy0hjaaXPL8zurGvAHaA5LnK', 28),
(96, 'KARRASCH', 'OLIVIER', 'OLIVIER.KARRASCH@machin.com', '$2y$10$sr7kFLecwNzaaItZI0MWSu4oxVi.APy0hjaaXPL8zurGvAHaA5LnK', 5),
(97, 'MAUNOURY', 'DAVID', 'DAVID.MAUNOURY@machin.com', '$2y$10$sr7kFLecwNzaaItZI0MWSu4oxVi.APy0hjaaXPL8zurGvAHaA5LnK', 11),
(98, 'GEY', 'GIAN-MARCIO', 'GIAN-MARCIO.GEY@machin.com', '$2y$10$sr7kFLecwNzaaItZI0MWSu4oxVi.APy0hjaaXPL8zurGvAHaA5LnK', 25),
(99, 'BARTH', 'SOPHIE', 'SOPHIE.BARTH@machin.com', '$2y$10$sr7kFLecwNzaaItZI0MWSu4oxVi.APy0hjaaXPL8zurGvAHaA5LnK', 17),
(100, 'FRAGNEAUD', 'BENJAMIN', 'BENJAMIN.FRAGNEAUD@machin.com', '$2y$10$sr7kFLecwNzaaItZI0MWSu4oxVi.APy0hjaaXPL8zurGvAHaA5LnK', 14),
(101, 'SURGET', 'JULIE', 'JULIE.SURGET@machin.com', '$2y$10$sr7kFLecwNzaaItZI0MWSu4oxVi.APy0hjaaXPL8zurGvAHaA5LnK', 15),
(102, 'GAST', 'STEPHANIE', 'STEPHANIE.GAST@machin.com', '$2y$10$sr7kFLecwNzaaItZI0MWSu4oxVi.APy0hjaaXPL8zurGvAHaA5LnK', 13),
(103, 'DE LA VAISSIERE', 'REMI', 'REMI.DE LA VAISSIERE@machin.com', '$2y$10$sr7kFLecwNzaaItZI0MWSu4oxVi.APy0hjaaXPL8zurGvAHaA5LnK', 18),
(104, 'PERAZIO', 'ANNE', 'ANNE.PERAZIO@machin.com', '$2y$10$sr7kFLecwNzaaItZI0MWSu4oxVi.APy0hjaaXPL8zurGvAHaA5LnK', 9),
(105, 'BOICHOT', 'RAPHAEL', 'RAPHAEL.BOICHOT@machin.com', '$2y$10$sr7kFLecwNzaaItZI0MWSu4oxVi.APy0hjaaXPL8zurGvAHaA5LnK', 14),
(106, 'PIRONNEAU', 'JEAN-FRANCOIS', 'JEAN-FRANCOIS.PIRONNEAU@machin.com', '$2y$10$sr7kFLecwNzaaItZI0MWSu4oxVi.APy0hjaaXPL8zurGvAHaA5LnK', 18),
(107, 'VINOCHE', 'OLIVIER', 'OLIVIER.VINOCHE@machin.com', '$2y$10$sr7kFLecwNzaaItZI0MWSu4oxVi.APy0hjaaXPL8zurGvAHaA5LnK', 29),
(108, 'DE BIASI', 'LAURENCE', 'LAURENCE.DE BIASI@machin.com', '$2y$10$sr7kFLecwNzaaItZI0MWSu4oxVi.APy0hjaaXPL8zurGvAHaA5LnK', 18),
(109, 'DANON', 'LOIC', 'LOIC.DANON@machin.com', '$2y$10$sr7kFLecwNzaaItZI0MWSu4oxVi.APy0hjaaXPL8zurGvAHaA5LnK', 18),
(110, 'CHAMBON', 'CEDRIC', 'CEDRIC.CHAMBON@machin.com', '$2y$10$sr7kFLecwNzaaItZI0MWSu4oxVi.APy0hjaaXPL8zurGvAHaA5LnK', 17),
(111, 'IARLAUD', 'YANNICK', 'YANNICK.IARLAUD@machin.com', '$2y$10$sr7kFLecwNzaaItZI0MWSu4oxVi.APy0hjaaXPL8zurGvAHaA5LnK', 11),
(112, 'BERMOND', 'DANIEL', 'DANIEL.BERMOND@machin.com', '$2y$10$sr7kFLecwNzaaItZI0MWSu4oxVi.APy0hjaaXPL8zurGvAHaA5LnK', 30),
(113, 'MEYER', 'OLIVIER', 'OLIVIER.MEYER@machin.com', '$2y$10$sr7kFLecwNzaaItZI0MWSu4oxVi.APy0hjaaXPL8zurGvAHaA5LnK', 25),
(114, 'ROSSET', 'ANTOINE', 'ANTOINE.ROSSET@machin.com', '$2y$10$sr7kFLecwNzaaItZI0MWSu4oxVi.APy0hjaaXPL8zurGvAHaA5LnK', 28),
(115, 'VAXELAIRE', 'STEPHANE', 'STEPHANE.VAXELAIRE@machin.com', '$2y$10$sr7kFLecwNzaaItZI0MWSu4oxVi.APy0hjaaXPL8zurGvAHaA5LnK', 5),
(116, 'VALLET', 'BERTRAND', 'BERTRAND.VALLET@machin.com', '$2y$10$sr7kFLecwNzaaItZI0MWSu4oxVi.APy0hjaaXPL8zurGvAHaA5LnK', 16),
(117, 'BAELEN', 'GAETAN', 'GAETAN.BAELEN@machin.com', '$2y$10$sr7kFLecwNzaaItZI0MWSu4oxVi.APy0hjaaXPL8zurGvAHaA5LnK', 12),
(118, 'FREMERY', 'LAURE', 'LAURE.FREMERY@machin.com', '$2y$10$sr7kFLecwNzaaItZI0MWSu4oxVi.APy0hjaaXPL8zurGvAHaA5LnK', 30),
(119, 'CAZENOVE', 'NICOLAS', 'NICOLAS.CAZENOVE@machin.com', '$2y$10$sr7kFLecwNzaaItZI0MWSu4oxVi.APy0hjaaXPL8zurGvAHaA5LnK', 30),
(120, 'MANENC', 'AURELIEN', 'AURELIEN.MANENC@machin.com', '$2y$10$sr7kFLecwNzaaItZI0MWSu4oxVi.APy0hjaaXPL8zurGvAHaA5LnK', 30),
(121, 'CLARENS', 'MATHILDE', 'MATHILDE.CLARENS@machin.com', '$2y$10$sr7kFLecwNzaaItZI0MWSu4oxVi.APy0hjaaXPL8zurGvAHaA5LnK', 25),
(122, 'JOS', 'GREGORY', 'GREGORY.JOS@machin.com', '$2y$10$sr7kFLecwNzaaItZI0MWSu4oxVi.APy0hjaaXPL8zurGvAHaA5LnK', 5),
(123, 'DECAUX', 'JULIEN', 'JULIEN.DECAUX@machin.com', '$2y$10$sr7kFLecwNzaaItZI0MWSu4oxVi.APy0hjaaXPL8zurGvAHaA5LnK', 23),
(124, 'LEBRASSEUR', 'GAELLE', 'GAELLE.LEBRASSEUR@machin.com', '$2y$10$sr7kFLecwNzaaItZI0MWSu4oxVi.APy0hjaaXPL8zurGvAHaA5LnK', 18),
(125, 'ANOUSSINE', 'DAVID', 'DAVID.ANOUSSINE@machin.com', '$2y$10$sr7kFLecwNzaaItZI0MWSu4oxVi.APy0hjaaXPL8zurGvAHaA5LnK', 8),
(126, 'RAIBLE', 'SVEN', 'SVEN.RAIBLE@machin.com', '$2y$10$sr7kFLecwNzaaItZI0MWSu4oxVi.APy0hjaaXPL8zurGvAHaA5LnK', 13),
(127, 'CHAMBAT', 'CLAIRE', 'CLAIRE.CHAMBAT@machin.com', '$2y$10$sr7kFLecwNzaaItZI0MWSu4oxVi.APy0hjaaXPL8zurGvAHaA5LnK', 7),
(128, 'COSTA', 'ARNAUD', 'ARNAUD.COSTA@machin.com', '$2y$10$sr7kFLecwNzaaItZI0MWSu4oxVi.APy0hjaaXPL8zurGvAHaA5LnK', 8),
(129, 'BONNARD', 'VINCENT', 'VINCENT.BONNARD@machin.com', '$2y$10$sr7kFLecwNzaaItZI0MWSu4oxVi.APy0hjaaXPL8zurGvAHaA5LnK', 18),
(130, 'GUIRRIEC', 'CEDRIC', 'CEDRIC.GUIRRIEC@machin.com', '$2y$10$sr7kFLecwNzaaItZI0MWSu4oxVi.APy0hjaaXPL8zurGvAHaA5LnK', 19),
(131, 'DUFFOURS', 'BENOIT', 'BENOIT.DUFFOURS@machin.com', '$2y$10$sr7kFLecwNzaaItZI0MWSu4oxVi.APy0hjaaXPL8zurGvAHaA5LnK', 12),
(132, 'BERGER', 'THOMAS', 'THOMAS.BERGER@machin.com', '$2y$10$sr7kFLecwNzaaItZI0MWSu4oxVi.APy0hjaaXPL8zurGvAHaA5LnK', 13),
(133, 'MAURICE', 'YOANN', 'YOANN.MAURICE@machin.com', '$2y$10$sr7kFLecwNzaaItZI0MWSu4oxVi.APy0hjaaXPL8zurGvAHaA5LnK', 7),
(134, 'FABRE', 'CAMILLE', 'CAMILLE.FABRE@machin.com', '$2y$10$sr7kFLecwNzaaItZI0MWSu4oxVi.APy0hjaaXPL8zurGvAHaA5LnK', 7),
(135, 'LARIT', 'PASCALE', 'PASCALE.LARIT@machin.com', '$2y$10$sr7kFLecwNzaaItZI0MWSu4oxVi.APy0hjaaXPL8zurGvAHaA5LnK', 14),
(136, 'GARDON', 'CHRISTINE', 'CHRISTINE.GARDON@machin.com', '$2y$10$sr7kFLecwNzaaItZI0MWSu4oxVi.APy0hjaaXPL8zurGvAHaA5LnK', 19),
(137, 'LAFONT', 'FABRICE', 'FABRICE.LAFONT@machin.com', '$2y$10$sr7kFLecwNzaaItZI0MWSu4oxVi.APy0hjaaXPL8zurGvAHaA5LnK', 8),
(138, 'POULIQUEN', 'FRANCOIS', 'FRANCOIS.POULIQUEN@machin.com', '$2y$10$sr7kFLecwNzaaItZI0MWSu4oxVi.APy0hjaaXPL8zurGvAHaA5LnK', 29),
(139, 'LE GALLO', 'PHILIPPE', 'PHILIPPE.LE GALLO@machin.com', '$2y$10$sr7kFLecwNzaaItZI0MWSu4oxVi.APy0hjaaXPL8zurGvAHaA5LnK', 23),
(140, 'GASNIER', 'CLAIRE', 'CLAIRE.GASNIER@machin.com', '$2y$10$sr7kFLecwNzaaItZI0MWSu4oxVi.APy0hjaaXPL8zurGvAHaA5LnK', 5),
(141, 'CLAIRON', 'EMMANUEL', 'EMMANUEL.CLAIRON@machin.com', '$2y$10$sr7kFLecwNzaaItZI0MWSu4oxVi.APy0hjaaXPL8zurGvAHaA5LnK', 14),
(142, 'VERNIER', 'DENIS', 'DENIS.VERNIER@machin.com', '$2y$10$sr7kFLecwNzaaItZI0MWSu4oxVi.APy0hjaaXPL8zurGvAHaA5LnK', 23),
(143, 'HIRSCHAUER', 'NATALIE', 'NATALIE.HIRSCHAUER@machin.com', '$2y$10$sr7kFLecwNzaaItZI0MWSu4oxVi.APy0hjaaXPL8zurGvAHaA5LnK', 12),
(144, 'CAFFOT', 'CELINE', 'CELINE.CAFFOT@machin.com', '$2y$10$sr7kFLecwNzaaItZI0MWSu4oxVi.APy0hjaaXPL8zurGvAHaA5LnK', 16),
(145, 'LUISET', 'NICOLAS', 'NICOLAS.LUISET@machin.com', '$2y$10$sr7kFLecwNzaaItZI0MWSu4oxVi.APy0hjaaXPL8zurGvAHaA5LnK', 28),
(146, 'LOPEZ', 'BRUNO', 'BRUNO.LOPEZ@machin.com', '$2y$10$sr7kFLecwNzaaItZI0MWSu4oxVi.APy0hjaaXPL8zurGvAHaA5LnK', 5),
(147, 'BIARD', 'LAURENCE', 'LAURENCE.BIARD@machin.com', '$2y$10$sr7kFLecwNzaaItZI0MWSu4oxVi.APy0hjaaXPL8zurGvAHaA5LnK', 17),
(148, 'PEYRELASSE', 'CHRISTINE', 'CHRISTINE.PEYRELASSE@machin.com', '$2y$10$sr7kFLecwNzaaItZI0MWSu4oxVi.APy0hjaaXPL8zurGvAHaA5LnK', 7),
(149, 'LE PENNEC', 'JEROME', 'JEROME.LE PENNEC@machin.com', '$2y$10$sr7kFLecwNzaaItZI0MWSu4oxVi.APy0hjaaXPL8zurGvAHaA5LnK', 8),
(150, 'ARAMBURU', 'ERIC', 'ERIC.ARAMBURU@machin.com', '$2y$10$sr7kFLecwNzaaItZI0MWSu4oxVi.APy0hjaaXPL8zurGvAHaA5LnK', 19),
(151, 'BERNARD', 'SANDRA', 'SANDRA.BERNARD@machin.com', '$2y$10$sr7kFLecwNzaaItZI0MWSu4oxVi.APy0hjaaXPL8zurGvAHaA5LnK', 10),
(152, 'BUSSINGER', 'CELINE', 'CELINE.BUSSINGER@machin.com', '$2y$10$sr7kFLecwNzaaItZI0MWSu4oxVi.APy0hjaaXPL8zurGvAHaA5LnK', 27),
(153, 'MARS', 'STEPHANIE', 'STEPHANIE.MARS@machin.com', '$2y$10$sr7kFLecwNzaaItZI0MWSu4oxVi.APy0hjaaXPL8zurGvAHaA5LnK', 6),
(154, 'QUEINNEC', 'CECILE', 'CECILE.QUEINNEC@machin.com', '$2y$10$sr7kFLecwNzaaItZI0MWSu4oxVi.APy0hjaaXPL8zurGvAHaA5LnK', 20),
(155, 'MUNIGE', 'CHRISTINE', 'CHRISTINE.MUNIGE@machin.com', '$2y$10$sr7kFLecwNzaaItZI0MWSu4oxVi.APy0hjaaXPL8zurGvAHaA5LnK', 17),
(156, 'AUBERT', 'PATRICK', 'PATRICK.AUBERT@machin.com', '$2y$10$sr7kFLecwNzaaItZI0MWSu4oxVi.APy0hjaaXPL8zurGvAHaA5LnK', 30),
(157, 'BRONNERT', 'FREDERIC', 'FREDERIC.BRONNERT@machin.com', '$2y$10$sr7kFLecwNzaaItZI0MWSu4oxVi.APy0hjaaXPL8zurGvAHaA5LnK', 12),
(158, 'HUCK', 'PATRICE', 'PATRICE.HUCK@machin.com', '$2y$10$sr7kFLecwNzaaItZI0MWSu4oxVi.APy0hjaaXPL8zurGvAHaA5LnK', 15),
(159, 'BALDACCI', 'ERIC', 'ERIC.BALDACCI@machin.com', '$2y$10$sr7kFLecwNzaaItZI0MWSu4oxVi.APy0hjaaXPL8zurGvAHaA5LnK', 11),
(160, 'MOUSTEY', 'MARIE', 'MARIE.MOUSTEY@machin.com', '$2y$10$sr7kFLecwNzaaItZI0MWSu4oxVi.APy0hjaaXPL8zurGvAHaA5LnK', 2),
(161, 'POITEVIN', 'HELENE', 'HELENE.POITEVIN@machin.com', '$2y$10$sr7kFLecwNzaaItZI0MWSu4oxVi.APy0hjaaXPL8zurGvAHaA5LnK', 13),
(162, 'DISSON', 'ARNAUD', 'ARNAUD.DISSON@machin.com', '$2y$10$sr7kFLecwNzaaItZI0MWSu4oxVi.APy0hjaaXPL8zurGvAHaA5LnK', 15),
(163, 'VIOUGEAS', 'JESSY', 'JESSY.VIOUGEAS@machin.com', '$2y$10$sr7kFLecwNzaaItZI0MWSu4oxVi.APy0hjaaXPL8zurGvAHaA5LnK', 16),
(164, 'TALLUZO', 'LAURIE', 'LAURIE.TALLUZO@machin.com', '$2y$10$sr7kFLecwNzaaItZI0MWSu4oxVi.APy0hjaaXPL8zurGvAHaA5LnK', 25),
(165, 'SAGNIMORTE', 'DAVID', 'DAVID.SAGNIMORTE@machin.com', '$2y$10$sr7kFLecwNzaaItZI0MWSu4oxVi.APy0hjaaXPL8zurGvAHaA5LnK', 23),
(166, 'MIGUET', 'JEROME', 'JEROME.MIGUET@machin.com', '$2y$10$sr7kFLecwNzaaItZI0MWSu4oxVi.APy0hjaaXPL8zurGvAHaA5LnK', 13),
(167, 'PASTEUR', 'CHRISTOPHE', 'CHRISTOPHE.PASTEUR@machin.com', '$2y$10$sr7kFLecwNzaaItZI0MWSu4oxVi.APy0hjaaXPL8zurGvAHaA5LnK', 9),
(168, 'FORMOSA', 'LIONEL', 'LIONEL.FORMOSA@machin.com', '$2y$10$sr7kFLecwNzaaItZI0MWSu4oxVi.APy0hjaaXPL8zurGvAHaA5LnK', 25),
(169, 'POIZAT', 'FLORENCE', 'FLORENCE.POIZAT@machin.com', '$2y$10$sr7kFLecwNzaaItZI0MWSu4oxVi.APy0hjaaXPL8zurGvAHaA5LnK', 14),
(170, 'CORBEL', 'CHRISTOPHE', 'CHRISTOPHE.CORBEL@machin.com', '$2y$10$sr7kFLecwNzaaItZI0MWSu4oxVi.APy0hjaaXPL8zurGvAHaA5LnK', 27),
(171, 'PERRIOT', 'VERONIQUE', 'VERONIQUE.PERRIOT@machin.com', '$2y$10$sr7kFLecwNzaaItZI0MWSu4oxVi.APy0hjaaXPL8zurGvAHaA5LnK', 10),
(172, 'LENFANT', 'MATHIEU', 'MATHIEU.LENFANT@machin.com', '$2y$10$sr7kFLecwNzaaItZI0MWSu4oxVi.APy0hjaaXPL8zurGvAHaA5LnK', 16),
(173, 'BENAICHA', 'LINDA', 'LINDA.BENAICHA@machin.com', '$2y$10$sr7kFLecwNzaaItZI0MWSu4oxVi.APy0hjaaXPL8zurGvAHaA5LnK', 6),
(174, 'NOWAK', 'GUILLAUME', 'GUILLAUME.NOWAK@machin.com', '$2y$10$sr7kFLecwNzaaItZI0MWSu4oxVi.APy0hjaaXPL8zurGvAHaA5LnK', 26),
(175, 'FREGAVILLE', 'OLIVIER', 'OLIVIER.FREGAVILLE@machin.com', '$2y$10$sr7kFLecwNzaaItZI0MWSu4oxVi.APy0hjaaXPL8zurGvAHaA5LnK', 5),
(176, 'BOUNIOUX', 'CELINE', 'CELINE.BOUNIOUX@machin.com', '$2y$10$sr7kFLecwNzaaItZI0MWSu4oxVi.APy0hjaaXPL8zurGvAHaA5LnK', 28),
(177, 'PETIT', 'CAROLINE', 'CAROLINE.PETIT@machin.com', '$2y$10$sr7kFLecwNzaaItZI0MWSu4oxVi.APy0hjaaXPL8zurGvAHaA5LnK', 12),
(178, 'MAS', 'JEAN SEBASTIEN', 'JEAN SEBASTIEN.MAS@machin.com', '$2y$10$sr7kFLecwNzaaItZI0MWSu4oxVi.APy0hjaaXPL8zurGvAHaA5LnK', 26),
(179, 'LEPONT', 'LAURENCE', 'LAURENCE.LEPONT@machin.com', '$2y$10$sr7kFLecwNzaaItZI0MWSu4oxVi.APy0hjaaXPL8zurGvAHaA5LnK', 26),
(180, 'RAILLOT', 'PERRINE', 'PERRINE.RAILLOT@machin.com', '$2y$10$sr7kFLecwNzaaItZI0MWSu4oxVi.APy0hjaaXPL8zurGvAHaA5LnK', 12),
(181, 'TRONEL', 'CLAIRE', 'CLAIRE.TRONEL@machin.com', '$2y$10$sr7kFLecwNzaaItZI0MWSu4oxVi.APy0hjaaXPL8zurGvAHaA5LnK', 12),
(182, 'LOMMUNAL', 'SARAH', 'SARAH.LOMMUNAL@machin.com', '$2y$10$sr7kFLecwNzaaItZI0MWSu4oxVi.APy0hjaaXPL8zurGvAHaA5LnK', 28),
(183, 'VERDEAU', 'DAMIEN', 'DAMIEN.VERDEAU@machin.com', '$2y$10$sr7kFLecwNzaaItZI0MWSu4oxVi.APy0hjaaXPL8zurGvAHaA5LnK', 27),
(184, 'DELEPLANQUE', 'JEREMY', 'JEREMY.DELEPLANQUE@machin.com', '$2y$10$sr7kFLecwNzaaItZI0MWSu4oxVi.APy0hjaaXPL8zurGvAHaA5LnK', 28),
(185, 'SAPALY', 'NICOLAS', 'NICOLAS.SAPALY@machin.com', '$2y$10$sr7kFLecwNzaaItZI0MWSu4oxVi.APy0hjaaXPL8zurGvAHaA5LnK', 5),
(186, 'BARLET', 'LAURENT', 'LAURENT.BARLET@machin.com', '$2y$10$sr7kFLecwNzaaItZI0MWSu4oxVi.APy0hjaaXPL8zurGvAHaA5LnK', 11),
(187, 'TRUNKENWALD', 'ANDRE', 'ANDRE.TRUNKENWALD@machin.com', '$2y$10$sr7kFLecwNzaaItZI0MWSu4oxVi.APy0hjaaXPL8zurGvAHaA5LnK', 25),
(188, 'LANGEVIN', 'DAVID', 'DAVID.LANGEVIN@machin.com', '$2y$10$sr7kFLecwNzaaItZI0MWSu4oxVi.APy0hjaaXPL8zurGvAHaA5LnK', 9),
(189, 'TRUONG', 'BRICE', 'BRICE.TRUONG@machin.com', '$2y$10$sr7kFLecwNzaaItZI0MWSu4oxVi.APy0hjaaXPL8zurGvAHaA5LnK', 16),
(190, 'ROGIER', 'CELINE', 'CELINE.ROGIER@machin.com', '$2y$10$sr7kFLecwNzaaItZI0MWSu4oxVi.APy0hjaaXPL8zurGvAHaA5LnK', 7),
(191, 'BERTHOD', 'MIKAEL', 'MIKAEL.BERTHOD@machin.com', '$2y$10$sr7kFLecwNzaaItZI0MWSu4oxVi.APy0hjaaXPL8zurGvAHaA5LnK', 23),
(192, 'ALVAIN', 'SEVERINE', 'SEVERINE.ALVAIN@machin.com', '$2y$10$sr7kFLecwNzaaItZI0MWSu4oxVi.APy0hjaaXPL8zurGvAHaA5LnK', 8),
(193, 'OLIVIERI', 'CHRISTOPHE', 'CHRISTOPHE.OLIVIERI@machin.com', '$2y$10$sr7kFLecwNzaaItZI0MWSu4oxVi.APy0hjaaXPL8zurGvAHaA5LnK', 27),
(194, 'MERIC', 'OMBELINE', 'OMBELINE.MERIC@machin.com', '$2y$10$sr7kFLecwNzaaItZI0MWSu4oxVi.APy0hjaaXPL8zurGvAHaA5LnK', 5),
(195, 'BAER', 'MATHILDE', 'MATHILDE.BAER@machin.com', '$2y$10$sr7kFLecwNzaaItZI0MWSu4oxVi.APy0hjaaXPL8zurGvAHaA5LnK', 12),
(196, 'HERTZ', 'AUDREY', 'AUDREY.HERTZ@machin.com', '$2y$10$sr7kFLecwNzaaItZI0MWSu4oxVi.APy0hjaaXPL8zurGvAHaA5LnK', 13),
(197, 'GEHANT', 'THOMAS', 'THOMAS.GEHANT@machin.com', '$2y$10$sr7kFLecwNzaaItZI0MWSu4oxVi.APy0hjaaXPL8zurGvAHaA5LnK', 6),
(198, 'FREVILLE', 'MATHILDE', 'MATHILDE.FREVILLE@machin.com', '$2y$10$sr7kFLecwNzaaItZI0MWSu4oxVi.APy0hjaaXPL8zurGvAHaA5LnK', 9),
(199, 'DAVAUX', 'HERVE', 'HERVE.DAVAUX@machin.com', '$2y$10$sr7kFLecwNzaaItZI0MWSu4oxVi.APy0hjaaXPL8zurGvAHaA5LnK', 2),
(200, 'SUDAN', 'SEVERINE', 'SEVERINE.SUDAN@machin.com', '$2y$10$sr7kFLecwNzaaItZI0MWSu4oxVi.APy0hjaaXPL8zurGvAHaA5LnK', 29),
(201, 'VALAYER', 'SONIA', 'SONIA.VALAYER@machin.com', '$2y$10$sr7kFLecwNzaaItZI0MWSu4oxVi.APy0hjaaXPL8zurGvAHaA5LnK', 26),
(202, 'BEGAT', 'VERONIQUE', 'VERONIQUE.BEGAT@machin.com', '$2y$10$sr7kFLecwNzaaItZI0MWSu4oxVi.APy0hjaaXPL8zurGvAHaA5LnK', 26),
(203, 'DULAURENT', 'SYLVAIN', 'SYLVAIN.DULAURENT@machin.com', '$2y$10$sr7kFLecwNzaaItZI0MWSu4oxVi.APy0hjaaXPL8zurGvAHaA5LnK', 7),
(204, 'MULLER-FEUGA', 'AIMERY', 'AIMERY.MULLER-FEUGA@machin.com', '$2y$10$sr7kFLecwNzaaItZI0MWSu4oxVi.APy0hjaaXPL8zurGvAHaA5LnK', 2),
(205, 'ANSANAY-ALEX', 'VALERIE', 'VALERIE.ANSANAY-ALEX@machin.com', '$2y$10$sr7kFLecwNzaaItZI0MWSu4oxVi.APy0hjaaXPL8zurGvAHaA5LnK', 29),
(206, 'BICHON', 'REGIS', 'REGIS.BICHON@machin.com', '$2y$10$sr7kFLecwNzaaItZI0MWSu4oxVi.APy0hjaaXPL8zurGvAHaA5LnK', 28),
(207, 'STEFANI', 'GAELLE', 'GAELLE.STEFANI@machin.com', '$2y$10$sr7kFLecwNzaaItZI0MWSu4oxVi.APy0hjaaXPL8zurGvAHaA5LnK', 11),
(208, 'PAUCELLE', 'GUILHEM', 'GUILHEM.PAUCELLE@machin.com', '$2y$10$sr7kFLecwNzaaItZI0MWSu4oxVi.APy0hjaaXPL8zurGvAHaA5LnK', 17),
(209, 'GOSSET', 'JEAN-FRANCOIS', 'JEAN-FRANCOIS.GOSSET@machin.com', '$2y$10$sr7kFLecwNzaaItZI0MWSu4oxVi.APy0hjaaXPL8zurGvAHaA5LnK', 2),
(210, 'LAURIOL', 'SYLVAIN', 'SYLVAIN.LAURIOL@machin.com', '$2y$10$sr7kFLecwNzaaItZI0MWSu4oxVi.APy0hjaaXPL8zurGvAHaA5LnK', 20),
(211, 'MARRONI', 'BRUNO', 'BRUNO.MARRONI@machin.com', '$2y$10$sr7kFLecwNzaaItZI0MWSu4oxVi.APy0hjaaXPL8zurGvAHaA5LnK', 17),
(212, 'PETIT', 'SILVERE', 'SILVERE.PETIT@machin.com', '$2y$10$sr7kFLecwNzaaItZI0MWSu4oxVi.APy0hjaaXPL8zurGvAHaA5LnK', 25),
(213, 'NOWAK', 'CELINE', 'CELINE.NOWAK@machin.com', '$2y$10$sr7kFLecwNzaaItZI0MWSu4oxVi.APy0hjaaXPL8zurGvAHaA5LnK', 17),
(214, 'RONGIER', 'CELINE', 'CELINE.RONGIER@machin.com', '$2y$10$sr7kFLecwNzaaItZI0MWSu4oxVi.APy0hjaaXPL8zurGvAHaA5LnK', 13),
(215, 'MARET', 'ERWAN', 'ERWAN.MARET@machin.com', '$2y$10$sr7kFLecwNzaaItZI0MWSu4oxVi.APy0hjaaXPL8zurGvAHaA5LnK', 27),
(216, 'VARRAUD', 'LAURENT', 'LAURENT.VARRAUD@machin.com', '$2y$10$sr7kFLecwNzaaItZI0MWSu4oxVi.APy0hjaaXPL8zurGvAHaA5LnK', 6),
(217, 'BARIOU', 'MATHIEU', 'MATHIEU.BARIOU@machin.com', '$2y$10$sr7kFLecwNzaaItZI0MWSu4oxVi.APy0hjaaXPL8zurGvAHaA5LnK', 5),
(218, 'JAUNET', 'CHRISTELLE', 'CHRISTELLE.JAUNET@machin.com', '$2y$10$sr7kFLecwNzaaItZI0MWSu4oxVi.APy0hjaaXPL8zurGvAHaA5LnK', 19),
(219, 'CASANOVA', 'JEAN-BAPTISTE', 'JEAN-BAPTISTE.CASANOVA@machin.com', '$2y$10$sr7kFLecwNzaaItZI0MWSu4oxVi.APy0hjaaXPL8zurGvAHaA5LnK', 19),
(220, 'DEPAEPE', 'FREDERIC', 'FREDERIC.DEPAEPE@machin.com', '$2y$10$sr7kFLecwNzaaItZI0MWSu4oxVi.APy0hjaaXPL8zurGvAHaA5LnK', 5),
(221, 'DALUZEAU', 'AURELIE', 'AURELIE.DALUZEAU@machin.com', '$2y$10$sr7kFLecwNzaaItZI0MWSu4oxVi.APy0hjaaXPL8zurGvAHaA5LnK', 25),
(222, 'MEDAL', 'ERIC', 'ERIC.MEDAL@machin.com', '$2y$10$sr7kFLecwNzaaItZI0MWSu4oxVi.APy0hjaaXPL8zurGvAHaA5LnK', 8),
(223, 'MAURAT', 'EMMANUELLE', 'EMMANUELLE.MAURAT@machin.com', '$2y$10$sr7kFLecwNzaaItZI0MWSu4oxVi.APy0hjaaXPL8zurGvAHaA5LnK', 15),
(224, 'CHONE', 'EMMANUELLE', 'EMMANUELLE.CHONE@machin.com', '$2y$10$sr7kFLecwNzaaItZI0MWSu4oxVi.APy0hjaaXPL8zurGvAHaA5LnK', 16),
(225, 'PEYRACHE', 'OLIVIER', 'OLIVIER.PEYRACHE@machin.com', '$2y$10$sr7kFLecwNzaaItZI0MWSu4oxVi.APy0hjaaXPL8zurGvAHaA5LnK', 7),
(226, 'ROMET', 'LIONEL', 'LIONEL.ROMET@machin.com', '$2y$10$sr7kFLecwNzaaItZI0MWSu4oxVi.APy0hjaaXPL8zurGvAHaA5LnK', 2),
(227, 'CERQUA', 'CYRIL', 'CYRIL.CERQUA@machin.com', '$2y$10$sr7kFLecwNzaaItZI0MWSu4oxVi.APy0hjaaXPL8zurGvAHaA5LnK', 5),
(228, 'BELLICAUD', 'DAVID', 'DAVID.BELLICAUD@machin.com', '$2y$10$sr7kFLecwNzaaItZI0MWSu4oxVi.APy0hjaaXPL8zurGvAHaA5LnK', 13),
(229, 'CAHINGT', 'BLANCHE', 'BLANCHE.CAHINGT@machin.com', '$2y$10$sr7kFLecwNzaaItZI0MWSu4oxVi.APy0hjaaXPL8zurGvAHaA5LnK', 2),
(230, 'VANDOOREN', 'BENOIT', 'BENOIT.VANDOOREN@machin.com', '$2y$10$sr7kFLecwNzaaItZI0MWSu4oxVi.APy0hjaaXPL8zurGvAHaA5LnK', 25),
(231, 'BARRUCHE', 'MARION', 'MARION.BARRUCHE@machin.com', '$2y$10$sr7kFLecwNzaaItZI0MWSu4oxVi.APy0hjaaXPL8zurGvAHaA5LnK', 10),
(232, 'NOUGUIER', 'VINCENT', 'VINCENT.NOUGUIER@machin.com', '$2y$10$sr7kFLecwNzaaItZI0MWSu4oxVi.APy0hjaaXPL8zurGvAHaA5LnK', 15),
(233, 'BOCHE', 'STEPHANIE', 'STEPHANIE.BOCHE@machin.com', '$2y$10$sr7kFLecwNzaaItZI0MWSu4oxVi.APy0hjaaXPL8zurGvAHaA5LnK', 12),
(234, 'WILLM', 'LOIC', 'LOIC.WILLM@machin.com', '$2y$10$sr7kFLecwNzaaItZI0MWSu4oxVi.APy0hjaaXPL8zurGvAHaA5LnK', 18),
(235, 'FOURNIER', 'AYMERIC', 'AYMERIC.FOURNIER@machin.com', '$2y$10$sr7kFLecwNzaaItZI0MWSu4oxVi.APy0hjaaXPL8zurGvAHaA5LnK', 20),
(236, 'LEVOL', 'ERIC', 'ERIC.LEVOL@machin.com', '$2y$10$sr7kFLecwNzaaItZI0MWSu4oxVi.APy0hjaaXPL8zurGvAHaA5LnK', 23),
(237, 'PEETERS', 'LYDIA', 'LYDIA.PEETERS@machin.com', '$2y$10$sr7kFLecwNzaaItZI0MWSu4oxVi.APy0hjaaXPL8zurGvAHaA5LnK', 25),
(238, 'DELMAS', 'SANDRA', 'SANDRA.DELMAS@machin.com', '$2y$10$sr7kFLecwNzaaItZI0MWSu4oxVi.APy0hjaaXPL8zurGvAHaA5LnK', 24),
(239, 'CHOISNET', 'VIOLAINE', 'VIOLAINE.CHOISNET@machin.com', '$2y$10$sr7kFLecwNzaaItZI0MWSu4oxVi.APy0hjaaXPL8zurGvAHaA5LnK', 7),
(240, 'CUGNY', 'JOHAN', 'JOHAN.CUGNY@machin.com', '$2y$10$sr7kFLecwNzaaItZI0MWSu4oxVi.APy0hjaaXPL8zurGvAHaA5LnK', 2),
(241, 'ELOY', 'ANNE', 'ANNE.ELOY@machin.com', '$2y$10$sr7kFLecwNzaaItZI0MWSu4oxVi.APy0hjaaXPL8zurGvAHaA5LnK', 11),
(242, 'POLI', 'JURGEN', 'JURGEN.POLI@machin.com', '$2y$10$sr7kFLecwNzaaItZI0MWSu4oxVi.APy0hjaaXPL8zurGvAHaA5LnK', 17),
(243, 'VIDOR', 'DAMIEN', 'DAMIEN.VIDOR@machin.com', '$2y$10$sr7kFLecwNzaaItZI0MWSu4oxVi.APy0hjaaXPL8zurGvAHaA5LnK', 29),
(244, 'NGUYEN', 'DANG TU TRAM', 'DANG TU TRAM.NGUYEN@machin.com', '$2y$10$sr7kFLecwNzaaItZI0MWSu4oxVi.APy0hjaaXPL8zurGvAHaA5LnK', 13),
(245, 'GUILLON', 'DAMIEN', 'DAMIEN.GUILLON@machin.com', '$2y$10$sr7kFLecwNzaaItZI0MWSu4oxVi.APy0hjaaXPL8zurGvAHaA5LnK', 8),
(246, 'COSTAZ', 'ISABELLE', 'ISABELLE.COSTAZ@machin.com', '$2y$10$sr7kFLecwNzaaItZI0MWSu4oxVi.APy0hjaaXPL8zurGvAHaA5LnK', 11),
(247, 'BONNASSIE', 'EMMANUEL', 'EMMANUEL.BONNASSIE@machin.com', '$2y$10$sr7kFLecwNzaaItZI0MWSu4oxVi.APy0hjaaXPL8zurGvAHaA5LnK', 2),
(248, 'PRUDHOMME', 'INGRID', 'INGRID.PRUDHOMME@machin.com', '$2y$10$sr7kFLecwNzaaItZI0MWSu4oxVi.APy0hjaaXPL8zurGvAHaA5LnK', 27),
(249, 'HERVE', 'STEPHANE', 'STEPHANE.HERVE@machin.com', '$2y$10$sr7kFLecwNzaaItZI0MWSu4oxVi.APy0hjaaXPL8zurGvAHaA5LnK', 29),
(250, 'GROS', 'CELINE', 'CELINE.GROS@machin.com', '$2y$10$sr7kFLecwNzaaItZI0MWSu4oxVi.APy0hjaaXPL8zurGvAHaA5LnK', 17),
(251, 'PERAUD', 'JEAN CHRISTOPHE', 'JEAN CHRISTOPHE.PERAUD@machin.com', '$2y$10$sr7kFLecwNzaaItZI0MWSu4oxVi.APy0hjaaXPL8zurGvAHaA5LnK', 16),
(252, 'FRIONNET', 'STEPHANE', 'STEPHANE.FRIONNET@machin.com', '$2y$10$sr7kFLecwNzaaItZI0MWSu4oxVi.APy0hjaaXPL8zurGvAHaA5LnK', 9),
(253, 'GUIHENEUF', 'JEROME', 'JEROME.GUIHENEUF@machin.com', '$2y$10$sr7kFLecwNzaaItZI0MWSu4oxVi.APy0hjaaXPL8zurGvAHaA5LnK', 8),
(254, 'SERGENT', 'MARYSE', 'MARYSE.SERGENT@machin.com', '$2y$10$sr7kFLecwNzaaItZI0MWSu4oxVi.APy0hjaaXPL8zurGvAHaA5LnK', 11),
(255, 'AUBARD', 'BENOIT', 'BENOIT.AUBARD@machin.com', '$2y$10$sr7kFLecwNzaaItZI0MWSu4oxVi.APy0hjaaXPL8zurGvAHaA5LnK', 16),
(256, 'PLAT', 'CLEMENT', 'CLEMENT.PLAT@machin.com', '$2y$10$sr7kFLecwNzaaItZI0MWSu4oxVi.APy0hjaaXPL8zurGvAHaA5LnK', 30),
(257, 'PROUTEAU', 'LUDOVIC', 'LUDOVIC.PROUTEAU@machin.com', '$2y$10$sr7kFLecwNzaaItZI0MWSu4oxVi.APy0hjaaXPL8zurGvAHaA5LnK', 13),
(258, 'PERICOU', 'SIMON', 'SIMON.PERICOU@machin.com', '$2y$10$sr7kFLecwNzaaItZI0MWSu4oxVi.APy0hjaaXPL8zurGvAHaA5LnK', 2),
(259, 'MECHTA', 'ZIAD', 'ZIAD.MECHTA@machin.com', '$2y$10$sr7kFLecwNzaaItZI0MWSu4oxVi.APy0hjaaXPL8zurGvAHaA5LnK', 14),
(260, 'GREJON', 'LIONEL', 'LIONEL.GREJON@machin.com', '$2y$10$sr7kFLecwNzaaItZI0MWSu4oxVi.APy0hjaaXPL8zurGvAHaA5LnK', 6),
(261, 'ESTEVE', 'WILLIAMS', 'WILLIAMS.ESTEVE@machin.com', '$2y$10$sr7kFLecwNzaaItZI0MWSu4oxVi.APy0hjaaXPL8zurGvAHaA5LnK', 18),
(262, 'STRACHE', 'JULIEN', 'JULIEN.STRACHE@machin.com', '$2y$10$sr7kFLecwNzaaItZI0MWSu4oxVi.APy0hjaaXPL8zurGvAHaA5LnK', 15),
(263, 'GAILLARDET', 'CAROLE', 'CAROLE.GAILLARDET@machin.com', '$2y$10$sr7kFLecwNzaaItZI0MWSu4oxVi.APy0hjaaXPL8zurGvAHaA5LnK', 28),
(264, 'SCHNEIDER', 'ANNE', 'ANNE.SCHNEIDER@machin.com', '$2y$10$sr7kFLecwNzaaItZI0MWSu4oxVi.APy0hjaaXPL8zurGvAHaA5LnK', 11),
(265, 'LECLER', 'MARIE THERESE', 'MARIE THERESE.LECLER@machin.com', '$2y$10$sr7kFLecwNzaaItZI0MWSu4oxVi.APy0hjaaXPL8zurGvAHaA5LnK', 15),
(266, 'COURDON', 'JEAN PHILIPPE', 'JEAN PHILIPPE.COURDON@machin.com', '$2y$10$sr7kFLecwNzaaItZI0MWSu4oxVi.APy0hjaaXPL8zurGvAHaA5LnK', 25),
(267, 'STORA', 'HELENE', 'HELENE.STORA@machin.com', '$2y$10$sr7kFLecwNzaaItZI0MWSu4oxVi.APy0hjaaXPL8zurGvAHaA5LnK', 18),
(268, 'KHERIF', 'LEILA', 'LEILA.KHERIF@machin.com', '$2y$10$sr7kFLecwNzaaItZI0MWSu4oxVi.APy0hjaaXPL8zurGvAHaA5LnK', 9),
(269, 'HUBERMAN', 'BERTRAND', 'BERTRAND.HUBERMAN@machin.com', '$2y$10$sr7kFLecwNzaaItZI0MWSu4oxVi.APy0hjaaXPL8zurGvAHaA5LnK', 29),
(270, 'BAILLEUL', 'CHARLOTTE', 'CHARLOTTE.BAILLEUL@machin.com', '$2y$10$sr7kFLecwNzaaItZI0MWSu4oxVi.APy0hjaaXPL8zurGvAHaA5LnK', 5),
(271, 'BUTON', 'GUILLAUME', 'GUILLAUME.BUTON@machin.com', '$2y$10$sr7kFLecwNzaaItZI0MWSu4oxVi.APy0hjaaXPL8zurGvAHaA5LnK', 13),
(272, 'ROUX', 'ANNABELLE', 'ANNABELLE.ROUX@machin.com', '$2y$10$sr7kFLecwNzaaItZI0MWSu4oxVi.APy0hjaaXPL8zurGvAHaA5LnK', 16),
(273, 'WATTIEZ', 'FABRICE', 'FABRICE.WATTIEZ@machin.com', '$2y$10$sr7kFLecwNzaaItZI0MWSu4oxVi.APy0hjaaXPL8zurGvAHaA5LnK', 23),
(274, 'CHATELAIN', 'Cedric', 'Cedric.CHATELAIN@machin.com', '$2y$10$sr7kFLecwNzaaItZI0MWSu4oxVi.APy0hjaaXPL8zurGvAHaA5LnK', 23),
(275, 'CHEREAU', 'Bertrand', 'Bertrand.CHEREAU@machin.com', '$2y$10$sr7kFLecwNzaaItZI0MWSu4oxVi.APy0hjaaXPL8zurGvAHaA5LnK', 12),
(276, 'TERREUX', 'Amandine', 'Amandine.TERREUX@machin.com', '$2y$10$sr7kFLecwNzaaItZI0MWSu4oxVi.APy0hjaaXPL8zurGvAHaA5LnK', 23),
(277, 'LOUSTALE', 'Nicolas', 'Nicolas.LOUSTALE@machin.com', '$2y$10$sr7kFLecwNzaaItZI0MWSu4oxVi.APy0hjaaXPL8zurGvAHaA5LnK', 9),
(278, 'FERMIN', 'Olivier', 'Olivier.FERMIN@machin.com', '$2y$10$sr7kFLecwNzaaItZI0MWSu4oxVi.APy0hjaaXPL8zurGvAHaA5LnK', 7),
(279, 'DUPASSIEUX', 'Etienne', 'Etienne.DUPASSIEUX@machin.com', '$2y$10$sr7kFLecwNzaaItZI0MWSu4oxVi.APy0hjaaXPL8zurGvAHaA5LnK', 18),
(280, 'MACIEJEWSKI', 'David', 'David.MACIEJEWSKI@machin.com', '$2y$10$sr7kFLecwNzaaItZI0MWSu4oxVi.APy0hjaaXPL8zurGvAHaA5LnK', 10),
(281, 'DEBRAY', 'Sylvain', 'Sylvain.DEBRAY@machin.com', '$2y$10$sr7kFLecwNzaaItZI0MWSu4oxVi.APy0hjaaXPL8zurGvAHaA5LnK', 11),
(282, 'NESME', 'Sebastien', 'Sebastien.NESME@machin.com', '$2y$10$sr7kFLecwNzaaItZI0MWSu4oxVi.APy0hjaaXPL8zurGvAHaA5LnK', 2),
(283, 'COLS', 'Jereme', 'Jereme.COLS@machin.com', '$2y$10$sr7kFLecwNzaaItZI0MWSu4oxVi.APy0hjaaXPL8zurGvAHaA5LnK', 17),
(284, 'LEONARD', 'Sebastien', 'Sebastien.LEONARD@machin.com', '$2y$10$sr7kFLecwNzaaItZI0MWSu4oxVi.APy0hjaaXPL8zurGvAHaA5LnK', 24),
(285, 'BERNARD', 'Alexandre', 'Alexandre.BERNARD@machin.com', '$2y$10$sr7kFLecwNzaaItZI0MWSu4oxVi.APy0hjaaXPL8zurGvAHaA5LnK', 8),
(286, 'DIAS', 'Thomas', 'Thomas.DIAS@machin.com', '$2y$10$sr7kFLecwNzaaItZI0MWSu4oxVi.APy0hjaaXPL8zurGvAHaA5LnK', 27),
(287, 'RANDRIAMAMONJY', 'Teda', 'Teda.RANDRIAMAMONJY@machin.com', '$2y$10$sr7kFLecwNzaaItZI0MWSu4oxVi.APy0hjaaXPL8zurGvAHaA5LnK', 24),
(288, 'MARTELLO', 'Christophe', 'Christophe.MARTELLO@machin.com', '$2y$10$sr7kFLecwNzaaItZI0MWSu4oxVi.APy0hjaaXPL8zurGvAHaA5LnK', 28),
(289, 'SIASSIA', 'Ulrich', 'Ulrich.SIASSIA@machin.com', '$2y$10$sr7kFLecwNzaaItZI0MWSu4oxVi.APy0hjaaXPL8zurGvAHaA5LnK', 17),
(290, 'BORDET', 'Cedric', 'Cedric.BORDET@machin.com', '$2y$10$sr7kFLecwNzaaItZI0MWSu4oxVi.APy0hjaaXPL8zurGvAHaA5LnK', 15),
(291, 'CASTAN', 'Francois', 'Francois.CASTAN@machin.com', '$2y$10$sr7kFLecwNzaaItZI0MWSu4oxVi.APy0hjaaXPL8zurGvAHaA5LnK', 7),
(292, 'DUQUENNE', 'Laurent', 'Laurent.DUQUENNE@machin.com', '$2y$10$sr7kFLecwNzaaItZI0MWSu4oxVi.APy0hjaaXPL8zurGvAHaA5LnK', 11),
(293, 'POGUET', 'Lionel', 'Lionel.POGUET@machin.com', '$2y$10$sr7kFLecwNzaaItZI0MWSu4oxVi.APy0hjaaXPL8zurGvAHaA5LnK', 26),
(294, 'MUYL', 'Frederic', 'Frederic.MUYL@machin.com', '$2y$10$sr7kFLecwNzaaItZI0MWSu4oxVi.APy0hjaaXPL8zurGvAHaA5LnK', 19),
(295, 'BAINVEL', 'Arzmel', 'Arzmel.BAINVEL@machin.com', '$2y$10$sr7kFLecwNzaaItZI0MWSu4oxVi.APy0hjaaXPL8zurGvAHaA5LnK', 6),
(296, 'REUGE', 'Michael', 'Michael.REUGE@machin.com', '$2y$10$sr7kFLecwNzaaItZI0MWSu4oxVi.APy0hjaaXPL8zurGvAHaA5LnK', 18),
(297, 'COUSIN', 'Damien', 'Damien.COUSIN@machin.com', '$2y$10$sr7kFLecwNzaaItZI0MWSu4oxVi.APy0hjaaXPL8zurGvAHaA5LnK', 7),
(298, 'EULLIOT', 'Cedric', 'Cedric.EULLIOT@machin.com', '$2y$10$sr7kFLecwNzaaItZI0MWSu4oxVi.APy0hjaaXPL8zurGvAHaA5LnK', 30),
(299, 'HOBLINGRE', 'Fabien', 'Fabien.HOBLINGRE@machin.com', '$2y$10$sr7kFLecwNzaaItZI0MWSu4oxVi.APy0hjaaXPL8zurGvAHaA5LnK', 9),
(300, 'JOLLAIN', 'Fabrice', 'Fabrice.JOLLAIN@machin.com', '$2y$10$sr7kFLecwNzaaItZI0MWSu4oxVi.APy0hjaaXPL8zurGvAHaA5LnK', 19),
(301, 'PFEIFFER', 'Coralie', 'Coralie.PFEIFFER@machin.com', '$2y$10$sr7kFLecwNzaaItZI0MWSu4oxVi.APy0hjaaXPL8zurGvAHaA5LnK', 30),
(302, 'CESARI', 'Lionel', 'Lionel.CESARI@machin.com', '$2y$10$sr7kFLecwNzaaItZI0MWSu4oxVi.APy0hjaaXPL8zurGvAHaA5LnK', 11),
(303, 'MEGEVAND', 'Marc', 'Marc.MEGEVAND@machin.com', '$2y$10$sr7kFLecwNzaaItZI0MWSu4oxVi.APy0hjaaXPL8zurGvAHaA5LnK', 16),
(304, 'BROSSART', 'Valerie', 'Valerie.BROSSART@machin.com', '$2y$10$sr7kFLecwNzaaItZI0MWSu4oxVi.APy0hjaaXPL8zurGvAHaA5LnK', 5),
(305, 'MARQUES', 'Frederic', 'Frederic.MARQUES@machin.com', '$2y$10$sr7kFLecwNzaaItZI0MWSu4oxVi.APy0hjaaXPL8zurGvAHaA5LnK', 26),
(306, 'RIVIERE', 'Thomas', 'Thomas.RIVIERE@machin.com', '$2y$10$sr7kFLecwNzaaItZI0MWSu4oxVi.APy0hjaaXPL8zurGvAHaA5LnK', 6),
(307, 'SELLIER', 'Pierre', 'Pierre.SELLIER@machin.com', '$2y$10$sr7kFLecwNzaaItZI0MWSu4oxVi.APy0hjaaXPL8zurGvAHaA5LnK', 16),
(308, 'EYERMANN', 'Yannick', 'Yannick.EYERMANN@machin.com', '$2y$10$sr7kFLecwNzaaItZI0MWSu4oxVi.APy0hjaaXPL8zurGvAHaA5LnK', 14),
(309, 'FORE', 'Johan', 'Johan.FORE@machin.com', '$2y$10$sr7kFLecwNzaaItZI0MWSu4oxVi.APy0hjaaXPL8zurGvAHaA5LnK', 29),
(310, 'JOURDAIN', 'Alexandre', 'Alexandre.JOURDAIN@machin.com', '$2y$10$sr7kFLecwNzaaItZI0MWSu4oxVi.APy0hjaaXPL8zurGvAHaA5LnK', 10),
(311, 'TAKOUMA', 'Michel', 'Michel.TAKOUMA@machin.com', '$2y$10$sr7kFLecwNzaaItZI0MWSu4oxVi.APy0hjaaXPL8zurGvAHaA5LnK', 30),
(312, 'PEREZ', 'Bruno', 'Bruno.PEREZ@machin.com', '$2y$10$sr7kFLecwNzaaItZI0MWSu4oxVi.APy0hjaaXPL8zurGvAHaA5LnK', 15),
(313, 'COURBIS', 'Jean Yves', 'Jean Yves.COURBIS@machin.com', '$2y$10$sr7kFLecwNzaaItZI0MWSu4oxVi.APy0hjaaXPL8zurGvAHaA5LnK', 9),
(314, 'BEHNAM', 'Alexandre', 'Alexandre.BEHNAM@machin.com', '$2y$10$sr7kFLecwNzaaItZI0MWSu4oxVi.APy0hjaaXPL8zurGvAHaA5LnK', 5),
(315, 'MONTARNAL', 'Michael', 'Michael.MONTARNAL@machin.com', '$2y$10$sr7kFLecwNzaaItZI0MWSu4oxVi.APy0hjaaXPL8zurGvAHaA5LnK', 23),
(316, 'DADOUCH', 'Anas', 'Anas.DADOUCH@machin.com', '$2y$10$sr7kFLecwNzaaItZI0MWSu4oxVi.APy0hjaaXPL8zurGvAHaA5LnK', 16),
(317, 'BERRA', 'Mustapha', 'Mustapha.BERRA@machin.com', '$2y$10$sr7kFLecwNzaaItZI0MWSu4oxVi.APy0hjaaXPL8zurGvAHaA5LnK', 18),
(318, 'ONGARO', 'Veronique', 'Veronique.ONGARO@machin.com', '$2y$10$sr7kFLecwNzaaItZI0MWSu4oxVi.APy0hjaaXPL8zurGvAHaA5LnK', 28),
(319, 'BALAS', 'Gilles', 'Gilles.BALAS@machin.com', '$2y$10$sr7kFLecwNzaaItZI0MWSu4oxVi.APy0hjaaXPL8zurGvAHaA5LnK', 7),
(320, 'CLERC', 'Marie Amelie', 'Marie Amelie.CLERC@machin.com', '$2y$10$sr7kFLecwNzaaItZI0MWSu4oxVi.APy0hjaaXPL8zurGvAHaA5LnK', 18),
(321, 'VILLIBORD', 'Eric', 'Eric.VILLIBORD@machin.com', '$2y$10$sr7kFLecwNzaaItZI0MWSu4oxVi.APy0hjaaXPL8zurGvAHaA5LnK', 26),
(322, 'VIDONNE', 'Luc', 'Luc.VIDONNE@machin.com', '$2y$10$sr7kFLecwNzaaItZI0MWSu4oxVi.APy0hjaaXPL8zurGvAHaA5LnK', 28),
(323, 'PERROTIN', 'Lionel', 'Lionel.PERROTIN@machin.com', '$2y$10$sr7kFLecwNzaaItZI0MWSu4oxVi.APy0hjaaXPL8zurGvAHaA5LnK', 16),
(324, 'NAUDIN', 'Pierre', 'Pierre.NAUDIN@machin.com', '$2y$10$sr7kFLecwNzaaItZI0MWSu4oxVi.APy0hjaaXPL8zurGvAHaA5LnK', 27),
(325, 'FALCOZ', 'Frederic', 'Frederic.FALCOZ@machin.com', '$2y$10$sr7kFLecwNzaaItZI0MWSu4oxVi.APy0hjaaXPL8zurGvAHaA5LnK', 20),
(326, 'DUCRETTET', 'Frederic', 'Frederic.DUCRETTET@machin.com', '$2y$10$sr7kFLecwNzaaItZI0MWSu4oxVi.APy0hjaaXPL8zurGvAHaA5LnK', 17),
(327, 'CUENOT', 'Alexandre', 'Alexandre.CUENOT@machin.com', '$2y$10$sr7kFLecwNzaaItZI0MWSu4oxVi.APy0hjaaXPL8zurGvAHaA5LnK', 26),
(328, 'COHARD', 'Philippe', 'Philippe.COHARD@machin.com', '$2y$10$sr7kFLecwNzaaItZI0MWSu4oxVi.APy0hjaaXPL8zurGvAHaA5LnK', 27),
(329, 'BOSC', 'Philippe', 'Philippe.BOSC@machin.com', '$2y$10$sr7kFLecwNzaaItZI0MWSu4oxVi.APy0hjaaXPL8zurGvAHaA5LnK', 9),
(330, 'LIVA', 'Sebastien', 'Sebastien.LIVA@machin.com', '$2y$10$sr7kFLecwNzaaItZI0MWSu4oxVi.APy0hjaaXPL8zurGvAHaA5LnK', 13),
(331, 'MOCQUET', 'Adrien', 'Adrien.MOCQUET@machin.com', '$2y$10$sr7kFLecwNzaaItZI0MWSu4oxVi.APy0hjaaXPL8zurGvAHaA5LnK', 17),
(332, 'ZANATTA', 'Cedric', 'Cedric.ZANATTA@machin.com', '$2y$10$sr7kFLecwNzaaItZI0MWSu4oxVi.APy0hjaaXPL8zurGvAHaA5LnK', 10),
(333, 'POROLI', 'Sylvain', 'Sylvain.POROLI@machin.com', '$2y$10$sr7kFLecwNzaaItZI0MWSu4oxVi.APy0hjaaXPL8zurGvAHaA5LnK', 18),
(334, 'ROCA', 'Matthieu', 'Matthieu.ROCA@machin.com', '$2y$10$sr7kFLecwNzaaItZI0MWSu4oxVi.APy0hjaaXPL8zurGvAHaA5LnK', 9),
(335, 'PHAN', 'Thi Duy', 'Thi Duy.PHAN@machin.com', '$2y$10$sr7kFLecwNzaaItZI0MWSu4oxVi.APy0hjaaXPL8zurGvAHaA5LnK', 10),
(336, 'CARCY', 'Mionel', 'Mionel.CARCY@machin.com', '$2y$10$sr7kFLecwNzaaItZI0MWSu4oxVi.APy0hjaaXPL8zurGvAHaA5LnK', 20),
(337, 'SIMEON', 'Guillaume', 'Guillaume.SIMEON@machin.com', '$2y$10$sr7kFLecwNzaaItZI0MWSu4oxVi.APy0hjaaXPL8zurGvAHaA5LnK', 23),
(338, 'DURET', 'Vincent', 'Vincent.DURET@machin.com', '$2y$10$sr7kFLecwNzaaItZI0MWSu4oxVi.APy0hjaaXPL8zurGvAHaA5LnK', 2),
(339, 'WILHELM', 'Thomas', 'Thomas.WILHELM@machin.com', '$2y$10$sr7kFLecwNzaaItZI0MWSu4oxVi.APy0hjaaXPL8zurGvAHaA5LnK', 2),
(340, 'DARDEL', 'Nicolas', 'Nicolas.DARDEL@machin.com', '$2y$10$sr7kFLecwNzaaItZI0MWSu4oxVi.APy0hjaaXPL8zurGvAHaA5LnK', 19),
(341, 'SOULIER', 'Xavier', 'Xavier.SOULIER@machin.com', '$2y$10$sr7kFLecwNzaaItZI0MWSu4oxVi.APy0hjaaXPL8zurGvAHaA5LnK', 29),
(342, 'MOLLIER', 'Cyril', 'Cyril.MOLLIER@machin.com', '$2y$10$sr7kFLecwNzaaItZI0MWSu4oxVi.APy0hjaaXPL8zurGvAHaA5LnK', 5),
(343, 'LEFRANC', 'Cyril', 'Cyril.LEFRANC@machin.com', '$2y$10$sr7kFLecwNzaaItZI0MWSu4oxVi.APy0hjaaXPL8zurGvAHaA5LnK', 27),
(344, 'BURILLER', 'Guillaume', 'Guillaume.BURILLER@machin.com', '$2y$10$sr7kFLecwNzaaItZI0MWSu4oxVi.APy0hjaaXPL8zurGvAHaA5LnK', 12),
(345, 'BRUEL', 'Cedric', 'Cedric.BRUEL@machin.com', '$2y$10$sr7kFLecwNzaaItZI0MWSu4oxVi.APy0hjaaXPL8zurGvAHaA5LnK', 29),
(346, 'SCHWEITZER', 'Alain', 'Alain.SCHWEITZER@machin.com', '$2y$10$sr7kFLecwNzaaItZI0MWSu4oxVi.APy0hjaaXPL8zurGvAHaA5LnK', 2),
(347, 'GUIGON', 'Xavier', 'Xavier.GUIGON@machin.com', '$2y$10$sr7kFLecwNzaaItZI0MWSu4oxVi.APy0hjaaXPL8zurGvAHaA5LnK', 11),
(348, 'VIGNE', 'Stephane', 'Stephane.VIGNE@machin.com', '$2y$10$sr7kFLecwNzaaItZI0MWSu4oxVi.APy0hjaaXPL8zurGvAHaA5LnK', 27),
(349, 'KOCH', 'Sebastien', 'Sebastien.KOCH@machin.com', '$2y$10$sr7kFLecwNzaaItZI0MWSu4oxVi.APy0hjaaXPL8zurGvAHaA5LnK', 23),
(350, 'BOIREAU', 'Sylvain', 'Sylvain.BOIREAU@machin.com', '$2y$10$sr7kFLecwNzaaItZI0MWSu4oxVi.APy0hjaaXPL8zurGvAHaA5LnK', 17),
(351, 'SANTOS NUNES', 'Ricardo', 'Ricardo.SANTOS NUNES@machin.com', '$2y$10$sr7kFLecwNzaaItZI0MWSu4oxVi.APy0hjaaXPL8zurGvAHaA5LnK', 17),
(352, 'BOSSI', 'Damien', 'Damien.BOSSI@machin.com', '$2y$10$sr7kFLecwNzaaItZI0MWSu4oxVi.APy0hjaaXPL8zurGvAHaA5LnK', 24),
(353, 'ROY', 'Jereme', 'Jereme.ROY@machin.com', '$2y$10$sr7kFLecwNzaaItZI0MWSu4oxVi.APy0hjaaXPL8zurGvAHaA5LnK', 25),
(354, 'ENGRAND', 'Carine', 'Carine.ENGRAND@machin.com', '$2y$10$sr7kFLecwNzaaItZI0MWSu4oxVi.APy0hjaaXPL8zurGvAHaA5LnK', 9),
(355, 'COURTAT', 'Fabien', 'Fabien.COURTAT@machin.com', '$2y$10$sr7kFLecwNzaaItZI0MWSu4oxVi.APy0hjaaXPL8zurGvAHaA5LnK', 26),
(356, 'BENIT', 'David', 'David.BENIT@machin.com', '$2y$10$sr7kFLecwNzaaItZI0MWSu4oxVi.APy0hjaaXPL8zurGvAHaA5LnK', 26),
(357, 'VACHAUD', 'Veronique', 'Veronique.VACHAUD@machin.com', '$2y$10$sr7kFLecwNzaaItZI0MWSu4oxVi.APy0hjaaXPL8zurGvAHaA5LnK', 27),
(358, 'ALPHAZAN', 'Pierre', 'Pierre.ALPHAZAN@machin.com', '$2y$10$sr7kFLecwNzaaItZI0MWSu4oxVi.APy0hjaaXPL8zurGvAHaA5LnK', 29),
(359, 'COCAULT', 'Damien', 'Damien.COCAULT@machin.com', '$2y$10$sr7kFLecwNzaaItZI0MWSu4oxVi.APy0hjaaXPL8zurGvAHaA5LnK', 9),
(360, 'MOURET', 'Christophe', 'Christophe.MOURET@machin.com', '$2y$10$sr7kFLecwNzaaItZI0MWSu4oxVi.APy0hjaaXPL8zurGvAHaA5LnK', 25),
(361, 'CHARRIER', 'Christophe', 'Christophe.CHARRIER@machin.com', '$2y$10$sr7kFLecwNzaaItZI0MWSu4oxVi.APy0hjaaXPL8zurGvAHaA5LnK', 18),
(362, 'CAILLET', 'Hugo', 'Hugo.CAILLET@machin.com', '$2y$10$sr7kFLecwNzaaItZI0MWSu4oxVi.APy0hjaaXPL8zurGvAHaA5LnK', 30),
(363, 'BEAUMARTY', 'Stephane', 'Stephane.BEAUMARTY@machin.com', '$2y$10$sr7kFLecwNzaaItZI0MWSu4oxVi.APy0hjaaXPL8zurGvAHaA5LnK', 27),
(364, 'BAUTISTA', 'Anthony', 'Anthony.BAUTISTA@machin.com', '$2y$10$sr7kFLecwNzaaItZI0MWSu4oxVi.APy0hjaaXPL8zurGvAHaA5LnK', 13),
(365, 'NGI', 'Roland', 'Roland.NGI@machin.com', '$2y$10$sr7kFLecwNzaaItZI0MWSu4oxVi.APy0hjaaXPL8zurGvAHaA5LnK', 29),
(366, 'THEVENET', 'Marc', 'Marc.THEVENET@machin.com', '$2y$10$sr7kFLecwNzaaItZI0MWSu4oxVi.APy0hjaaXPL8zurGvAHaA5LnK', 27),
(367, 'CROIX', 'Christophe', 'Christophe.CROIX@machin.com', '$2y$10$sr7kFLecwNzaaItZI0MWSu4oxVi.APy0hjaaXPL8zurGvAHaA5LnK', 10),
(368, 'AUBRY', 'Laurent', 'Laurent.AUBRY@machin.com', '$2y$10$sr7kFLecwNzaaItZI0MWSu4oxVi.APy0hjaaXPL8zurGvAHaA5LnK', 30),
(369, 'GAFFET', 'Jereme', 'Jereme.GAFFET@machin.com', '$2y$10$sr7kFLecwNzaaItZI0MWSu4oxVi.APy0hjaaXPL8zurGvAHaA5LnK', 12),
(370, 'COURTELLEMONT', 'Yves', 'Yves.COURTELLEMONT@machin.com', '$2y$10$sr7kFLecwNzaaItZI0MWSu4oxVi.APy0hjaaXPL8zurGvAHaA5LnK', 19),
(371, 'DELHOMME', 'Fabien', 'Fabien.DELHOMME@machin.com', '$2y$10$sr7kFLecwNzaaItZI0MWSu4oxVi.APy0hjaaXPL8zurGvAHaA5LnK', 14),
(372, 'CECILLON', 'Thierry', 'Thierry.CECILLON@machin.com', '$2y$10$sr7kFLecwNzaaItZI0MWSu4oxVi.APy0hjaaXPL8zurGvAHaA5LnK', 7),
(373, 'BREUIL', 'Frederic', 'Frederic.BREUIL@machin.com', '$2y$10$sr7kFLecwNzaaItZI0MWSu4oxVi.APy0hjaaXPL8zurGvAHaA5LnK', 6),
(374, 'DUMORTIER', 'Laurent', 'Laurent.DUMORTIER@machin.com', '$2y$10$sr7kFLecwNzaaItZI0MWSu4oxVi.APy0hjaaXPL8zurGvAHaA5LnK', 25),
(375, 'GIANORA', 'Delphine', 'Delphine.GIANORA@machin.com', '$2y$10$sr7kFLecwNzaaItZI0MWSu4oxVi.APy0hjaaXPL8zurGvAHaA5LnK', 19),
(376, 'PAILLOT', 'Raphael', 'Raphael.PAILLOT@machin.com', '$2y$10$sr7kFLecwNzaaItZI0MWSu4oxVi.APy0hjaaXPL8zurGvAHaA5LnK', 20),
(377, 'PONT', 'Jeremy', 'Jeremy.PONT@machin.com', '$2y$10$sr7kFLecwNzaaItZI0MWSu4oxVi.APy0hjaaXPL8zurGvAHaA5LnK', 9),
(378, 'VICHARD', 'Helene', 'Helene.VICHARD@machin.com', '$2y$10$sr7kFLecwNzaaItZI0MWSu4oxVi.APy0hjaaXPL8zurGvAHaA5LnK', 13),
(379, 'BOMPAS', 'Valerie', 'Valerie.BOMPAS@machin.com', '$2y$10$sr7kFLecwNzaaItZI0MWSu4oxVi.APy0hjaaXPL8zurGvAHaA5LnK', 28),
(380, 'SENNEQUIER', 'Francois', 'Francois.SENNEQUIER@machin.com', '$2y$10$sr7kFLecwNzaaItZI0MWSu4oxVi.APy0hjaaXPL8zurGvAHaA5LnK', 13),
(381, 'LAURENT', 'Vincent', 'Vincent.LAURENT@machin.com', '$2y$10$sr7kFLecwNzaaItZI0MWSu4oxVi.APy0hjaaXPL8zurGvAHaA5LnK', 10),
(382, 'PASTEUR', 'Christophe', 'Christophe.PASTEUR@machin.com', '$2y$10$sr7kFLecwNzaaItZI0MWSu4oxVi.APy0hjaaXPL8zurGvAHaA5LnK', 27),
(383, 'ROSAZ', 'Samuel', 'Samuel.ROSAZ@machin.com', '$2y$10$sr7kFLecwNzaaItZI0MWSu4oxVi.APy0hjaaXPL8zurGvAHaA5LnK', 9),
(384, 'CHEVALLIER', 'Raphael', 'Raphael.CHEVALLIER@machin.com', '$2y$10$sr7kFLecwNzaaItZI0MWSu4oxVi.APy0hjaaXPL8zurGvAHaA5LnK', 9),
(385, 'ELBOURI', 'Foed', 'Foed.ELBOURI@machin.com', '$2y$10$sr7kFLecwNzaaItZI0MWSu4oxVi.APy0hjaaXPL8zurGvAHaA5LnK', 19),
(386, 'LECHEVALLIER', 'Gregoire', 'Gregoire.LECHEVALLIER@machin.com', '$2y$10$sr7kFLecwNzaaItZI0MWSu4oxVi.APy0hjaaXPL8zurGvAHaA5LnK', 9),
(387, 'ROUSSEAU', 'Jean Philippe', 'Jean Philippe.ROUSSEAU@machin.com', '$2y$10$sr7kFLecwNzaaItZI0MWSu4oxVi.APy0hjaaXPL8zurGvAHaA5LnK', 15),
(388, 'CHAMPAGNE', 'Cedric', 'Cedric.CHAMPAGNE@machin.com', '$2y$10$sr7kFLecwNzaaItZI0MWSu4oxVi.APy0hjaaXPL8zurGvAHaA5LnK', 6),
(389, 'ROBLIN', 'Arnaud', 'Arnaud.ROBLIN@machin.com', '$2y$10$sr7kFLecwNzaaItZI0MWSu4oxVi.APy0hjaaXPL8zurGvAHaA5LnK', 2),
(390, 'FATRE', 'Nicolas', 'Nicolas.FATRE@machin.com', '$2y$10$sr7kFLecwNzaaItZI0MWSu4oxVi.APy0hjaaXPL8zurGvAHaA5LnK', 13),
(391, 'PODEUR', 'Geoffrey', 'Geoffrey.PODEUR@machin.com', '$2y$10$sr7kFLecwNzaaItZI0MWSu4oxVi.APy0hjaaXPL8zurGvAHaA5LnK', 9),
(392, 'NANEIX', 'Jereme', 'Jereme.NANEIX@machin.com', '$2y$10$sr7kFLecwNzaaItZI0MWSu4oxVi.APy0hjaaXPL8zurGvAHaA5LnK', 6),
(393, 'SALAUN', 'Valerie', 'Valerie.SALAUN@machin.com', '$2y$10$sr7kFLecwNzaaItZI0MWSu4oxVi.APy0hjaaXPL8zurGvAHaA5LnK', 18),
(394, 'BOUTEMY', 'Francois', 'Francois.BOUTEMY@machin.com', '$2y$10$sr7kFLecwNzaaItZI0MWSu4oxVi.APy0hjaaXPL8zurGvAHaA5LnK', 17),
(395, 'AUBRUN', 'Antony', 'Antony.AUBRUN@machin.com', '$2y$10$sr7kFLecwNzaaItZI0MWSu4oxVi.APy0hjaaXPL8zurGvAHaA5LnK', 26),
(396, 'FROGERAIS', 'Serge', 'Serge.FROGERAIS@machin.com', '$2y$10$sr7kFLecwNzaaItZI0MWSu4oxVi.APy0hjaaXPL8zurGvAHaA5LnK', 23),
(397, 'JIMENEZ', 'Jeremy', 'Jeremy.JIMENEZ@machin.com', '$2y$10$sr7kFLecwNzaaItZI0MWSu4oxVi.APy0hjaaXPL8zurGvAHaA5LnK', 18),
(398, 'ROMDHANE', 'Rondhane', 'Rondhane.ROMDHANE@machin.com', '$2y$10$sr7kFLecwNzaaItZI0MWSu4oxVi.APy0hjaaXPL8zurGvAHaA5LnK', 6),
(399, 'CARPENTIER', 'Yann', 'Yann.CARPENTIER@machin.com', '$2y$10$sr7kFLecwNzaaItZI0MWSu4oxVi.APy0hjaaXPL8zurGvAHaA5LnK', 6),
(400, 'KHATRA', 'Hakim', 'Hakim.KHATRA@machin.com', '$2y$10$sr7kFLecwNzaaItZI0MWSu4oxVi.APy0hjaaXPL8zurGvAHaA5LnK', 14),
(401, 'DAYAN', 'Gerald', 'Gerald.DAYAN@machin.com', '$2y$10$sr7kFLecwNzaaItZI0MWSu4oxVi.APy0hjaaXPL8zurGvAHaA5LnK', 28),
(402, 'DUPUIS', 'Sylvain', 'Sylvain.DUPUIS@machin.com', '$2y$10$sr7kFLecwNzaaItZI0MWSu4oxVi.APy0hjaaXPL8zurGvAHaA5LnK', 27),
(403, 'ABRAHAM', 'Robert', 'Robert.ABRAHAM@machin.com', '$2y$10$sr7kFLecwNzaaItZI0MWSu4oxVi.APy0hjaaXPL8zurGvAHaA5LnK', 26);
INSERT INTO `LNM_etudiant` (`id_etudiant`, `nom`, `prenom`, `mail`, `password`, `id_promo`) VALUES
(404, 'GOMEZ', 'Yann', 'Yann.GOMEZ@machin.com', '$2y$10$sr7kFLecwNzaaItZI0MWSu4oxVi.APy0hjaaXPL8zurGvAHaA5LnK', 12),
(405, 'ULAN', 'Ludovic', 'Ludovic.ULAN@machin.com', '$2y$10$sr7kFLecwNzaaItZI0MWSu4oxVi.APy0hjaaXPL8zurGvAHaA5LnK', 20),
(406, 'MARCHAND', 'Antoine', 'Antoine.MARCHAND@machin.com', '$2y$10$sr7kFLecwNzaaItZI0MWSu4oxVi.APy0hjaaXPL8zurGvAHaA5LnK', 6),
(407, 'TATANGELO', 'Cedric', 'Cedric.TATANGELO@machin.com', '$2y$10$sr7kFLecwNzaaItZI0MWSu4oxVi.APy0hjaaXPL8zurGvAHaA5LnK', 29),
(408, 'PERON', 'Xavier', 'Xavier.PERON@machin.com', '$2y$10$sr7kFLecwNzaaItZI0MWSu4oxVi.APy0hjaaXPL8zurGvAHaA5LnK', 7),
(409, 'PASQUIER', 'Olivia', 'Olivia.PASQUIER@machin.com', '$2y$10$sr7kFLecwNzaaItZI0MWSu4oxVi.APy0hjaaXPL8zurGvAHaA5LnK', 27),
(410, 'MONTMASSON', 'NICOLAS', 'NICOLAS.MONTMASSON@machin.com', '$2y$10$sr7kFLecwNzaaItZI0MWSu4oxVi.APy0hjaaXPL8zurGvAHaA5LnK', 12),
(411, 'PILLET', 'Nelly', 'Nelly.PILLET@machin.com', '$2y$10$sr7kFLecwNzaaItZI0MWSu4oxVi.APy0hjaaXPL8zurGvAHaA5LnK', 8),
(412, 'ABDOUMKADER', 'Bourhan', 'Bourhan.ABDOUMKADER@machin.com', '$2y$10$sr7kFLecwNzaaItZI0MWSu4oxVi.APy0hjaaXPL8zurGvAHaA5LnK', 25),
(413, 'DORGLER', 'Steve', 'Steve.DORGLER@machin.com', '$2y$10$sr7kFLecwNzaaItZI0MWSu4oxVi.APy0hjaaXPL8zurGvAHaA5LnK', 28),
(414, 'LATOURRE', 'Thomas', 'Thomas.LATOURRE@machin.com', '$2y$10$sr7kFLecwNzaaItZI0MWSu4oxVi.APy0hjaaXPL8zurGvAHaA5LnK', 18),
(415, 'ALEZAIS', 'Remi', 'Remi.ALEZAIS@machin.com', '$2y$10$sr7kFLecwNzaaItZI0MWSu4oxVi.APy0hjaaXPL8zurGvAHaA5LnK', 25),
(416, 'SORY', 'Abellatif', 'Abellatif.SORY@machin.com', '$2y$10$sr7kFLecwNzaaItZI0MWSu4oxVi.APy0hjaaXPL8zurGvAHaA5LnK', 27),
(417, 'WILLER', 'Julien', 'Julien.WILLER@machin.com', '$2y$10$sr7kFLecwNzaaItZI0MWSu4oxVi.APy0hjaaXPL8zurGvAHaA5LnK', 14),
(418, 'GARCIA', 'David', 'David.GARCIA@machin.com', '$2y$10$sr7kFLecwNzaaItZI0MWSu4oxVi.APy0hjaaXPL8zurGvAHaA5LnK', 12),
(419, 'TCHILINGUIRIAN', 'Vreij', 'Vreij.TCHILINGUIRIAN@machin.com', '$2y$10$sr7kFLecwNzaaItZI0MWSu4oxVi.APy0hjaaXPL8zurGvAHaA5LnK', 26),
(420, 'KARAA', 'Djamil', 'Djamil.KARAA@machin.com', '$2y$10$sr7kFLecwNzaaItZI0MWSu4oxVi.APy0hjaaXPL8zurGvAHaA5LnK', 17),
(421, 'N\'DIKI', 'SEIDEL', 'SEIDEL.N\'DIKI@machin.com', '$2y$10$sr7kFLecwNzaaItZI0MWSu4oxVi.APy0hjaaXPL8zurGvAHaA5LnK', 6),
(422, 'GOGUET', 'Francois', 'Francois.GOGUET@machin.com', '$2y$10$sr7kFLecwNzaaItZI0MWSu4oxVi.APy0hjaaXPL8zurGvAHaA5LnK', 18),
(423, 'HAQUET', 'Cedric', 'Cedric.HAQUET@machin.com', '$2y$10$sr7kFLecwNzaaItZI0MWSu4oxVi.APy0hjaaXPL8zurGvAHaA5LnK', 28),
(424, 'DEGRANGE', 'Raphael', 'Raphael.DEGRANGE@machin.com', '$2y$10$sr7kFLecwNzaaItZI0MWSu4oxVi.APy0hjaaXPL8zurGvAHaA5LnK', 24),
(425, 'BOUCARD', 'Sylvain', 'Sylvain.BOUCARD@machin.com', '$2y$10$sr7kFLecwNzaaItZI0MWSu4oxVi.APy0hjaaXPL8zurGvAHaA5LnK', 9),
(426, 'DAVID', 'Jereme', 'Jereme.DAVID@machin.com', '$2y$10$sr7kFLecwNzaaItZI0MWSu4oxVi.APy0hjaaXPL8zurGvAHaA5LnK', 6),
(427, 'GEESEN', 'Mathieu', 'Mathieu.GEESEN@machin.com', '$2y$10$sr7kFLecwNzaaItZI0MWSu4oxVi.APy0hjaaXPL8zurGvAHaA5LnK', 7),
(428, 'RASSENEUR', 'David', 'David.RASSENEUR@machin.com', '$2y$10$sr7kFLecwNzaaItZI0MWSu4oxVi.APy0hjaaXPL8zurGvAHaA5LnK', 23),
(429, 'VIDAL', 'Cyril', 'Cyril.VIDAL@machin.com', '$2y$10$sr7kFLecwNzaaItZI0MWSu4oxVi.APy0hjaaXPL8zurGvAHaA5LnK', 26),
(430, 'DE BAILLIENCOURT', 'Matthieu', 'Matthieu.DE BAILLIENCOURT@machin.com', '$2y$10$sr7kFLecwNzaaItZI0MWSu4oxVi.APy0hjaaXPL8zurGvAHaA5LnK', 14),
(431, 'VAUJANY', 'Thomas', 'Thomas.VAUJANY@machin.com', '$2y$10$sr7kFLecwNzaaItZI0MWSu4oxVi.APy0hjaaXPL8zurGvAHaA5LnK', 18),
(432, 'ROCHE', 'Mariannick', 'Mariannick.ROCHE@machin.com', '$2y$10$sr7kFLecwNzaaItZI0MWSu4oxVi.APy0hjaaXPL8zurGvAHaA5LnK', 30),
(433, 'DOSSIN', 'Sylvain', 'Sylvain.DOSSIN@machin.com', '$2y$10$sr7kFLecwNzaaItZI0MWSu4oxVi.APy0hjaaXPL8zurGvAHaA5LnK', 24),
(434, 'HENRY', 'Dominique', 'Dominique.HENRY@machin.com', '$2y$10$sr7kFLecwNzaaItZI0MWSu4oxVi.APy0hjaaXPL8zurGvAHaA5LnK', 28),
(435, 'FENON', 'Pierre', 'Pierre.FENON@machin.com', '$2y$10$sr7kFLecwNzaaItZI0MWSu4oxVi.APy0hjaaXPL8zurGvAHaA5LnK', 7),
(436, 'LACAND', 'Pierre', 'Pierre.LACAND@machin.com', '$2y$10$sr7kFLecwNzaaItZI0MWSu4oxVi.APy0hjaaXPL8zurGvAHaA5LnK', 26),
(437, 'MAURICE', 'Xavier', 'Xavier.MAURICE@machin.com', '$2y$10$sr7kFLecwNzaaItZI0MWSu4oxVi.APy0hjaaXPL8zurGvAHaA5LnK', 30),
(438, 'MARTEL', 'Jean-Mary', 'Jean-Mary.MARTEL@machin.com', '$2y$10$sr7kFLecwNzaaItZI0MWSu4oxVi.APy0hjaaXPL8zurGvAHaA5LnK', 26),
(439, 'LEGLAND', 'Magalie', 'Magalie.LEGLAND@machin.com', '$2y$10$sr7kFLecwNzaaItZI0MWSu4oxVi.APy0hjaaXPL8zurGvAHaA5LnK', 6),
(440, 'MACHEFERT', 'Bruno', 'Bruno.MACHEFERT@machin.com', '$2y$10$sr7kFLecwNzaaItZI0MWSu4oxVi.APy0hjaaXPL8zurGvAHaA5LnK', 17),
(441, 'GANIER', 'Sebastien', 'Sebastien.GANIER@machin.com', '$2y$10$sr7kFLecwNzaaItZI0MWSu4oxVi.APy0hjaaXPL8zurGvAHaA5LnK', 29),
(442, 'GIORDANO', 'Fabrice', 'Fabrice.GIORDANO@machin.com', '$2y$10$sr7kFLecwNzaaItZI0MWSu4oxVi.APy0hjaaXPL8zurGvAHaA5LnK', 26),
(443, 'BRUCHET', 'Julien', 'Julien.BRUCHET@machin.com', '$2y$10$sr7kFLecwNzaaItZI0MWSu4oxVi.APy0hjaaXPL8zurGvAHaA5LnK', 11),
(444, 'FOREST', 'Laurent', 'Laurent.FOREST@machin.com', '$2y$10$sr7kFLecwNzaaItZI0MWSu4oxVi.APy0hjaaXPL8zurGvAHaA5LnK', 6),
(445, 'DUBOULOZ-MONNET', 'Fabrice', 'Fabrice.DUBOULOZ-MONNET@machin.com', '$2y$10$sr7kFLecwNzaaItZI0MWSu4oxVi.APy0hjaaXPL8zurGvAHaA5LnK', 27),
(446, 'CHAGNY', 'Matthieu', 'Matthieu.CHAGNY@machin.com', '$2y$10$sr7kFLecwNzaaItZI0MWSu4oxVi.APy0hjaaXPL8zurGvAHaA5LnK', 11),
(447, 'TAWIL', 'Daniel', 'Daniel.TAWIL@machin.com', '$2y$10$sr7kFLecwNzaaItZI0MWSu4oxVi.APy0hjaaXPL8zurGvAHaA5LnK', 7),
(448, 'CUENCA', 'Remy', 'Remy.CUENCA@machin.com', '$2y$10$sr7kFLecwNzaaItZI0MWSu4oxVi.APy0hjaaXPL8zurGvAHaA5LnK', 15),
(449, 'BROCHIER', 'Jacky', 'Jacky.BROCHIER@machin.com', '$2y$10$sr7kFLecwNzaaItZI0MWSu4oxVi.APy0hjaaXPL8zurGvAHaA5LnK', 6),
(450, 'COLLET-BEILLON', 'Brice', 'Brice.COLLET-BEILLON@machin.com', '$2y$10$sr7kFLecwNzaaItZI0MWSu4oxVi.APy0hjaaXPL8zurGvAHaA5LnK', 14),
(451, 'FONTFREYDE', 'Stephane', 'Stephane.FONTFREYDE@machin.com', '$2y$10$sr7kFLecwNzaaItZI0MWSu4oxVi.APy0hjaaXPL8zurGvAHaA5LnK', 12),
(452, 'VINCENT', 'Julien', 'Julien.VINCENT@machin.com', '$2y$10$sr7kFLecwNzaaItZI0MWSu4oxVi.APy0hjaaXPL8zurGvAHaA5LnK', 23),
(453, 'GARNIER', 'Mael', 'Mael.GARNIER@machin.com', '$2y$10$sr7kFLecwNzaaItZI0MWSu4oxVi.APy0hjaaXPL8zurGvAHaA5LnK', 29),
(454, 'VELUT', 'Laurent', 'Laurent.VELUT@machin.com', '$2y$10$sr7kFLecwNzaaItZI0MWSu4oxVi.APy0hjaaXPL8zurGvAHaA5LnK', 29),
(455, 'GODARD', 'laurent', 'laurent.GODARD@machin.com', '$2y$10$sr7kFLecwNzaaItZI0MWSu4oxVi.APy0hjaaXPL8zurGvAHaA5LnK', 17),
(456, 'MEUNIER', 'Anthony', 'Anthony.MEUNIER@machin.com', '$2y$10$sr7kFLecwNzaaItZI0MWSu4oxVi.APy0hjaaXPL8zurGvAHaA5LnK', 14),
(457, 'DOY', 'Guillaume', 'Guillaume.DOY@machin.com', '$2y$10$sr7kFLecwNzaaItZI0MWSu4oxVi.APy0hjaaXPL8zurGvAHaA5LnK', 20),
(458, 'DELALOT', 'Regis', 'Regis.DELALOT@machin.com', '$2y$10$sr7kFLecwNzaaItZI0MWSu4oxVi.APy0hjaaXPL8zurGvAHaA5LnK', 9),
(459, 'BRULE', 'Stephane', 'Stephane.BRULE@machin.com', '$2y$10$sr7kFLecwNzaaItZI0MWSu4oxVi.APy0hjaaXPL8zurGvAHaA5LnK', 7),
(460, 'ALPHONSINE', 'Terry', 'Terry.ALPHONSINE@machin.com', '$2y$10$sr7kFLecwNzaaItZI0MWSu4oxVi.APy0hjaaXPL8zurGvAHaA5LnK', 28),
(461, 'CHARTIER', 'Laurent', 'Laurent.CHARTIER@machin.com', '$2y$10$sr7kFLecwNzaaItZI0MWSu4oxVi.APy0hjaaXPL8zurGvAHaA5LnK', 26),
(462, 'EFFANTIN', 'Gregory', 'Gregory.EFFANTIN@machin.com', '$2y$10$sr7kFLecwNzaaItZI0MWSu4oxVi.APy0hjaaXPL8zurGvAHaA5LnK', 18),
(463, 'BOLOMEY', 'Stephan', 'Stephan.BOLOMEY@machin.com', '$2y$10$sr7kFLecwNzaaItZI0MWSu4oxVi.APy0hjaaXPL8zurGvAHaA5LnK', 17),
(464, 'DAUTIN', 'Celine', 'Celine.DAUTIN@machin.com', '$2y$10$sr7kFLecwNzaaItZI0MWSu4oxVi.APy0hjaaXPL8zurGvAHaA5LnK', 25),
(465, 'ROUCHON', 'Vincent', 'Vincent.ROUCHON@machin.com', '$2y$10$sr7kFLecwNzaaItZI0MWSu4oxVi.APy0hjaaXPL8zurGvAHaA5LnK', 6),
(466, 'METAYER', 'Cyrille', 'Cyrille.METAYER@machin.com', '$2y$10$sr7kFLecwNzaaItZI0MWSu4oxVi.APy0hjaaXPL8zurGvAHaA5LnK', 18),
(467, 'LAGRIPPE', 'Laetitia', 'Laetitia.LAGRIPPE@machin.com', '$2y$10$sr7kFLecwNzaaItZI0MWSu4oxVi.APy0hjaaXPL8zurGvAHaA5LnK', 6),
(468, 'DUHAMEL', 'Antoine', 'Antoine.DUHAMEL@machin.com', '$2y$10$sr7kFLecwNzaaItZI0MWSu4oxVi.APy0hjaaXPL8zurGvAHaA5LnK', 19),
(469, 'DEVILLERS', 'Damien', 'Damien.DEVILLERS@machin.com', '$2y$10$sr7kFLecwNzaaItZI0MWSu4oxVi.APy0hjaaXPL8zurGvAHaA5LnK', 27),
(470, 'CHARRAS', 'Nathalie', 'Nathalie.CHARRAS@machin.com', '$2y$10$sr7kFLecwNzaaItZI0MWSu4oxVi.APy0hjaaXPL8zurGvAHaA5LnK', 20),
(471, 'GIANDALIA', 'David', 'David.GIANDALIA@machin.com', '$2y$10$sr7kFLecwNzaaItZI0MWSu4oxVi.APy0hjaaXPL8zurGvAHaA5LnK', 16),
(472, 'BORGES', 'Carine', 'Carine.BORGES@machin.com', '$2y$10$sr7kFLecwNzaaItZI0MWSu4oxVi.APy0hjaaXPL8zurGvAHaA5LnK', 29),
(473, 'DEVIDAL', 'Franck', 'Franck.DEVIDAL@machin.com', '$2y$10$sr7kFLecwNzaaItZI0MWSu4oxVi.APy0hjaaXPL8zurGvAHaA5LnK', 14),
(474, 'BRISSAUD', 'Bertrand', 'Bertrand.BRISSAUD@machin.com', '$2y$10$sr7kFLecwNzaaItZI0MWSu4oxVi.APy0hjaaXPL8zurGvAHaA5LnK', 5),
(475, 'COUGOULAT', 'Glenn', 'Glenn.COUGOULAT@machin.com', '$2y$10$sr7kFLecwNzaaItZI0MWSu4oxVi.APy0hjaaXPL8zurGvAHaA5LnK', 28),
(476, 'VIVET', 'Alexandra', 'Alexandra.VIVET@machin.com', '$2y$10$sr7kFLecwNzaaItZI0MWSu4oxVi.APy0hjaaXPL8zurGvAHaA5LnK', 7),
(477, 'FILLOT', 'Frederic', 'Frederic.FILLOT@machin.com', '$2y$10$sr7kFLecwNzaaItZI0MWSu4oxVi.APy0hjaaXPL8zurGvAHaA5LnK', 27),
(478, 'JIGUET', 'Sebastien', 'Sebastien.JIGUET@machin.com', '$2y$10$sr7kFLecwNzaaItZI0MWSu4oxVi.APy0hjaaXPL8zurGvAHaA5LnK', 27),
(479, 'GUERGUY', 'Laurent', 'Laurent.GUERGUY@machin.com', '$2y$10$sr7kFLecwNzaaItZI0MWSu4oxVi.APy0hjaaXPL8zurGvAHaA5LnK', 24),
(480, 'TREBUCHAIRE', 'Laetitia', 'Laetitia.TREBUCHAIRE@machin.com', '$2y$10$sr7kFLecwNzaaItZI0MWSu4oxVi.APy0hjaaXPL8zurGvAHaA5LnK', 30),
(481, 'CHENU', 'Celine', 'Celine.CHENU@machin.com', '$2y$10$sr7kFLecwNzaaItZI0MWSu4oxVi.APy0hjaaXPL8zurGvAHaA5LnK', 12),
(482, 'DERBEZ', 'Olivier', 'Olivier.DERBEZ@machin.com', '$2y$10$sr7kFLecwNzaaItZI0MWSu4oxVi.APy0hjaaXPL8zurGvAHaA5LnK', 24),
(483, 'SIMEON', 'Guillaume', 'Guillaume.SIMEON@machin.com', '$2y$10$sr7kFLecwNzaaItZI0MWSu4oxVi.APy0hjaaXPL8zurGvAHaA5LnK', 29),
(484, 'MENTELE', 'Stephane', 'Stephane.MENTELE@machin.com', '$2y$10$sr7kFLecwNzaaItZI0MWSu4oxVi.APy0hjaaXPL8zurGvAHaA5LnK', 29),
(485, 'TODESCHINI', 'Jereme', 'Jereme.TODESCHINI@machin.com', '$2y$10$sr7kFLecwNzaaItZI0MWSu4oxVi.APy0hjaaXPL8zurGvAHaA5LnK', 10),
(486, 'ZERBIB', 'Rene-Charles', 'Rene-Charles.ZERBIB@machin.com', '$2y$10$sr7kFLecwNzaaItZI0MWSu4oxVi.APy0hjaaXPL8zurGvAHaA5LnK', 6),
(487, 'POULET', 'Manuel', 'Manuel.POULET@machin.com', '$2y$10$sr7kFLecwNzaaItZI0MWSu4oxVi.APy0hjaaXPL8zurGvAHaA5LnK', 15),
(488, 'RIVA', 'Arnaud', 'Arnaud.RIVA@machin.com', '$2y$10$sr7kFLecwNzaaItZI0MWSu4oxVi.APy0hjaaXPL8zurGvAHaA5LnK', 20),
(489, 'LAZARDEUX', 'Joel', 'Joel.LAZARDEUX@machin.com', '$2y$10$sr7kFLecwNzaaItZI0MWSu4oxVi.APy0hjaaXPL8zurGvAHaA5LnK', 7),
(490, 'ZITO', 'Raphael', 'Raphael.ZITO@machin.com', '$2y$10$sr7kFLecwNzaaItZI0MWSu4oxVi.APy0hjaaXPL8zurGvAHaA5LnK', 5),
(491, 'VAUX', 'Jeremy', 'Jeremy.VAUX@machin.com', '$2y$10$sr7kFLecwNzaaItZI0MWSu4oxVi.APy0hjaaXPL8zurGvAHaA5LnK', 8),
(492, 'ANGELERI', 'Jereme', 'Jereme.ANGELERI@machin.com', '$2y$10$sr7kFLecwNzaaItZI0MWSu4oxVi.APy0hjaaXPL8zurGvAHaA5LnK', 16),
(493, 'BILGEM', 'Halim', 'Halim.BILGEM@machin.com', '$2y$10$sr7kFLecwNzaaItZI0MWSu4oxVi.APy0hjaaXPL8zurGvAHaA5LnK', 5),
(494, 'REPELLIN', 'Alexis', 'Alexis.REPELLIN@machin.com', '$2y$10$sr7kFLecwNzaaItZI0MWSu4oxVi.APy0hjaaXPL8zurGvAHaA5LnK', 20),
(495, 'CHAMBART', 'Claire', 'Claire.CHAMBART@machin.com', '$2y$10$sr7kFLecwNzaaItZI0MWSu4oxVi.APy0hjaaXPL8zurGvAHaA5LnK', 13),
(496, 'DESBIOLLES', 'Laurent', 'Laurent.DESBIOLLES@machin.com', '$2y$10$sr7kFLecwNzaaItZI0MWSu4oxVi.APy0hjaaXPL8zurGvAHaA5LnK', 5),
(497, 'CARLUE', 'Etienne', 'Etienne.CARLUE@machin.com', '$2y$10$sr7kFLecwNzaaItZI0MWSu4oxVi.APy0hjaaXPL8zurGvAHaA5LnK', 23),
(498, 'MIBORD', 'Sophie', 'Sophie.MIBORD@machin.com', '$2y$10$sr7kFLecwNzaaItZI0MWSu4oxVi.APy0hjaaXPL8zurGvAHaA5LnK', 15),
(499, 'MARTIN', 'Stephane', 'Stephane.MARTIN@machin.com', '$2y$10$sr7kFLecwNzaaItZI0MWSu4oxVi.APy0hjaaXPL8zurGvAHaA5LnK', 29),
(500, 'BUSNEL', 'Frederic', 'Frederic.BUSNEL@machin.com', '$2y$10$sr7kFLecwNzaaItZI0MWSu4oxVi.APy0hjaaXPL8zurGvAHaA5LnK', 17),
(501, 'BOURRIEAU', 'Julien', 'Julien.BOURRIEAU@machin.com', '$2y$10$sr7kFLecwNzaaItZI0MWSu4oxVi.APy0hjaaXPL8zurGvAHaA5LnK', 11),
(502, 'PRADELLE', 'Guillaume', 'Guillaume.PRADELLE@machin.com', '$2y$10$sr7kFLecwNzaaItZI0MWSu4oxVi.APy0hjaaXPL8zurGvAHaA5LnK', 26),
(503, 'FRANCOIS', 'Capucine', 'Capucine.FRANCOIS@machin.com', '$2y$10$sr7kFLecwNzaaItZI0MWSu4oxVi.APy0hjaaXPL8zurGvAHaA5LnK', 25),
(504, 'BESSON', 'David', 'David.BESSON@machin.com', '$2y$10$sr7kFLecwNzaaItZI0MWSu4oxVi.APy0hjaaXPL8zurGvAHaA5LnK', 20),
(505, 'CHASTEL', 'Francoise', 'Francoise.CHASTEL@machin.com', '$2y$10$sr7kFLecwNzaaItZI0MWSu4oxVi.APy0hjaaXPL8zurGvAHaA5LnK', 17),
(506, 'TISSIER', 'Olivier', 'Olivier.TISSIER@machin.com', '$2y$10$sr7kFLecwNzaaItZI0MWSu4oxVi.APy0hjaaXPL8zurGvAHaA5LnK', 25),
(507, 'MASTEFA', 'M\'Hammed', 'M\'Hammed.MASTEFA@machin.com', '$2y$10$sr7kFLecwNzaaItZI0MWSu4oxVi.APy0hjaaXPL8zurGvAHaA5LnK', 15),
(508, 'PASSIEUX', 'Benjamin', 'Benjamin.PASSIEUX@machin.com', '$2y$10$sr7kFLecwNzaaItZI0MWSu4oxVi.APy0hjaaXPL8zurGvAHaA5LnK', 29),
(509, 'CHEDAL-ANGLAY', 'Mathieu', 'Mathieu.CHEDAL-ANGLAY@machin.com', '$2y$10$sr7kFLecwNzaaItZI0MWSu4oxVi.APy0hjaaXPL8zurGvAHaA5LnK', 2),
(510, 'RAUWEL', 'Erwan', 'Erwan.RAUWEL@machin.com', '$2y$10$sr7kFLecwNzaaItZI0MWSu4oxVi.APy0hjaaXPL8zurGvAHaA5LnK', 2),
(511, 'NAIBO', 'Laurence', 'Laurence.NAIBO@machin.com', '$2y$10$sr7kFLecwNzaaItZI0MWSu4oxVi.APy0hjaaXPL8zurGvAHaA5LnK', 17),
(512, 'BOUDER', 'Nawfel', 'Nawfel.BOUDER@machin.com', '$2y$10$sr7kFLecwNzaaItZI0MWSu4oxVi.APy0hjaaXPL8zurGvAHaA5LnK', 26),
(513, 'MASSART', 'Nicolas', 'Nicolas.MASSART@machin.com', '$2y$10$sr7kFLecwNzaaItZI0MWSu4oxVi.APy0hjaaXPL8zurGvAHaA5LnK', 7),
(514, 'BUHSING', 'Celine', 'Celine.BUHSING@machin.com', '$2y$10$sr7kFLecwNzaaItZI0MWSu4oxVi.APy0hjaaXPL8zurGvAHaA5LnK', 15),
(515, 'THIEFFRY', 'Stephane', 'Stephane.THIEFFRY@machin.com', '$2y$10$sr7kFLecwNzaaItZI0MWSu4oxVi.APy0hjaaXPL8zurGvAHaA5LnK', 8),
(516, 'VEROLLET', 'Matthieu', 'Matthieu.VEROLLET@machin.com', '$2y$10$sr7kFLecwNzaaItZI0MWSu4oxVi.APy0hjaaXPL8zurGvAHaA5LnK', 24),
(517, 'SIMONIN', 'Florent', 'Florent.SIMONIN@machin.com', '$2y$10$sr7kFLecwNzaaItZI0MWSu4oxVi.APy0hjaaXPL8zurGvAHaA5LnK', 23),
(518, 'PONT', 'Sylvain', 'Sylvain.PONT@machin.com', '$2y$10$sr7kFLecwNzaaItZI0MWSu4oxVi.APy0hjaaXPL8zurGvAHaA5LnK', 28),
(519, 'PICHAT', 'Emmanuel', 'Emmanuel.PICHAT@machin.com', '$2y$10$sr7kFLecwNzaaItZI0MWSu4oxVi.APy0hjaaXPL8zurGvAHaA5LnK', 14),
(520, 'BERGER', 'Guillaume', 'Guillaume.BERGER@machin.com', '$2y$10$sr7kFLecwNzaaItZI0MWSu4oxVi.APy0hjaaXPL8zurGvAHaA5LnK', 29),
(521, 'COTTAZ-CORDIER', 'Matthieu', 'Matthieu.COTTAZ-CORDIER@machin.com', '$2y$10$sr7kFLecwNzaaItZI0MWSu4oxVi.APy0hjaaXPL8zurGvAHaA5LnK', 28),
(522, 'NOULHIANNE', 'Michael', 'Michael.NOULHIANNE@machin.com', '$2y$10$sr7kFLecwNzaaItZI0MWSu4oxVi.APy0hjaaXPL8zurGvAHaA5LnK', 9),
(523, 'SAMOEL', 'Yann', 'Yann.SAMOEL@machin.com', '$2y$10$sr7kFLecwNzaaItZI0MWSu4oxVi.APy0hjaaXPL8zurGvAHaA5LnK', 11),
(524, 'SANTSCHI', 'Nicolas', 'Nicolas.SANTSCHI@machin.com', '$2y$10$sr7kFLecwNzaaItZI0MWSu4oxVi.APy0hjaaXPL8zurGvAHaA5LnK', 26),
(525, 'PACAUD', 'Jean-Christophe', 'Jean-Christophe.PACAUD@machin.com', '$2y$10$sr7kFLecwNzaaItZI0MWSu4oxVi.APy0hjaaXPL8zurGvAHaA5LnK', 19),
(526, 'TAXY', 'Mathieu', 'Mathieu.TAXY@machin.com', '$2y$10$sr7kFLecwNzaaItZI0MWSu4oxVi.APy0hjaaXPL8zurGvAHaA5LnK', 23),
(527, 'CHOULET', 'Aurelie', 'Aurelie.CHOULET@machin.com', '$2y$10$sr7kFLecwNzaaItZI0MWSu4oxVi.APy0hjaaXPL8zurGvAHaA5LnK', 26),
(528, 'MARTINET', 'Pierre-Emmanuel', 'Pierre-Emmanuel.MARTINET@machin.com', '$2y$10$sr7kFLecwNzaaItZI0MWSu4oxVi.APy0hjaaXPL8zurGvAHaA5LnK', 17),
(529, 'BRENDLEN', 'David', 'David.BRENDLEN@machin.com', '$2y$10$sr7kFLecwNzaaItZI0MWSu4oxVi.APy0hjaaXPL8zurGvAHaA5LnK', 5),
(530, 'DURAND', 'Lionel', 'Lionel.DURAND@machin.com', '$2y$10$sr7kFLecwNzaaItZI0MWSu4oxVi.APy0hjaaXPL8zurGvAHaA5LnK', 11),
(531, 'TAT', 'Kappa', 'Kappa.TAT@machin.com', '$2y$10$sr7kFLecwNzaaItZI0MWSu4oxVi.APy0hjaaXPL8zurGvAHaA5LnK', 19),
(532, 'ROURE', 'Manuel', 'Manuel.ROURE@machin.com', '$2y$10$sr7kFLecwNzaaItZI0MWSu4oxVi.APy0hjaaXPL8zurGvAHaA5LnK', 9),
(533, 'BOUCHEX', 'Olivier', 'Olivier.BOUCHEX@machin.com', '$2y$10$sr7kFLecwNzaaItZI0MWSu4oxVi.APy0hjaaXPL8zurGvAHaA5LnK', 18),
(534, 'DIVOUX', 'Laurent', 'Laurent.DIVOUX@machin.com', '$2y$10$sr7kFLecwNzaaItZI0MWSu4oxVi.APy0hjaaXPL8zurGvAHaA5LnK', 19),
(535, 'DOURET', 'Gordon', 'Gordon.DOURET@machin.com', '$2y$10$sr7kFLecwNzaaItZI0MWSu4oxVi.APy0hjaaXPL8zurGvAHaA5LnK', 6),
(536, 'HUTIN', 'Olivier', 'Olivier.HUTIN@machin.com', '$2y$10$sr7kFLecwNzaaItZI0MWSu4oxVi.APy0hjaaXPL8zurGvAHaA5LnK', 30),
(537, 'EHANNO', 'Thierry', 'Thierry.EHANNO@machin.com', '$2y$10$sr7kFLecwNzaaItZI0MWSu4oxVi.APy0hjaaXPL8zurGvAHaA5LnK', 28),
(538, 'DESCOURVIERES', 'Jean-Baptise', 'Jean-Baptise.DESCOURVIERES@machin.com', '$2y$10$sr7kFLecwNzaaItZI0MWSu4oxVi.APy0hjaaXPL8zurGvAHaA5LnK', 6),
(539, 'PARARD', 'Melanie', 'Melanie.PARARD@machin.com', '$2y$10$sr7kFLecwNzaaItZI0MWSu4oxVi.APy0hjaaXPL8zurGvAHaA5LnK', 2);

--
-- Déchargement des données de la table `LNM_filiere`
--

INSERT INTO `LNM_filiere` (`id_filiere`, `nom_filiere`, `nom_long`, `id_responsable`) VALUES
(1, 'BAT', '  ', NULL),
(2, 'EIT', '  ', NULL),
(3, 'IDU', 'Informatique Données Usages', 18),
(4, 'MM', 'Mécanique Matériaux', NULL),
(5, 'MP', 'Mécanique Productique', NULL),
(6, 'MP-CM', '  ', NULL),
(7, 'MP-GI', '  ', NULL),
(8, 'PEIP_A', '  ', NULL),
(9, 'POLYTECH', 'Tronc commun Polytech', NULL),
(10, 'SNI', 'Système Numérique Instrumentation', 19),
(11, 'AM', 'Master AM', NULL);

--
-- Déchargement des données de la table `LNM_groupe`
--

INSERT INTO `LNM_groupe` (`id_groupe`, `nom_groupe`, `id_promo`, `id_groupe_type`) VALUES
(1, 'IDU3', 5, 1),
(2, 'IDU4', 15, 1),
(3, 'IDU5', 16, 1),
(4, 'IDU3_TD1', 5, 2),
(5, 'IDU4_TD1', 15, 2),
(6, 'IDU5_TD1', 16, 2),
(7, 'IDU3_TP11', 5, 3),
(8, 'IDU3_TP12', 5, 3),
(9, 'IDU4_TP11', 15, 3),
(10, 'IDU4_TP12', 15, 3),
(11, 'IDU5_TP11', 16, 3),
(12, 'SNI3', 2, 1),
(13, 'SNI3_TD1', 2, 2),
(14, 'SNI3_TP1', 2, 3),
(15, 'MM3', 6, 1),
(16, 'MM3_TD1', 6, 2),
(17, 'MM3_TD2', 6, 2),
(18, 'MM3_TD3', 6, 2),
(19, 'MM3_TP11', 6, 3),
(20, 'MM3_TP12', 6, 3),
(21, 'MM3_TP21', 6, 3),
(22, 'MM3_TP22', 6, 3),
(23, 'MM3_TP31', 6, 3),
(24, 'MM3_TP32', 6, 3),
(25, 'SNI4', 13, 1),
(26, 'SNI4_TD1', 13, 2),
(27, 'SNI4_TP1', 13, 3),
(28, 'SNI4_TP2', 13, 3),
(29, 'SNI5', 14, 1),
(30, 'SNI5_TD1', 14, 2),
(31, 'SNI5_TP1', 14, 3),
(32, 'PEIP_A1', 12, 1),
(33, 'PEIP_A1_TD1', 12, 2),
(34, 'PEIP_A1_TD2', 12, 2),
(35, 'PEIP_A1_TP11', 12, 3),
(36, 'PEIP_A1_TP12', 12, 3),
(37, 'PEIP_A1_TP21', 12, 3),
(38, 'PEIP_A1_TP22', 12, 3),
(39, 'PEIP_A2', 18, 1),
(40, 'PEIP_A2_TD1', 18, 2),
(41, 'PEIP_A2_TD2', 18, 2),
(42, 'PEIP_A2_TP11', 18, 3),
(43, 'PEIP_A2_TP12', 18, 3),
(44, 'PEIP_A2_TP21', 18, 3),
(45, 'PEIP_A2_TP22', 18, 3),
(46, 'AM_INFO', 30, 3),
(47, 'MMT4', 17, 1),
(48, 'MMT4-TD1', 17, 2),
(49, 'MMT4-TD2', 17, 2),
(50, 'MMT4-TP11', 17, 3),
(51, 'MMT4-TP12', 17, 3),
(52, 'MMT4-TP21', 17, 3),
(53, 'MMT4-TP22', 17, 3),
(54, 'CM4', 11, 1),
(55, 'CM4-TD1', 11, 2),
(56, 'CM4-TP11', 11, 3),
(57, 'CM4-TP12', 11, 3),
(58, 'EIT3', 7, 1),
(59, 'EIT3_TD1', 7, 2),
(60, 'EIT3_TP11', 7, 3),
(61, 'EIT3_TP12', 7, 3),
(62, 'BAT', 8, 1),
(63, 'BAT_TD1', 8, 2),
(64, 'BAT_TD2', 8, 2),
(65, 'BAT_TP11', 8, 3),
(66, 'BAT_TP12', 8, 3),
(67, 'BAT_TP21', 8, 3),
(68, 'BAT_TP22', 8, 3);

--
-- Déchargement des données de la table `LNM_groupe_type`
--

INSERT INTO `LNM_groupe_type` (`id_groupe_type`, `groupe_type`, `commentaire`) VALUES
(1, 'PROMO', 'toute la promo'),
(2, 'TD', 'groupe de TD'),
(3, 'TP', 'groupe de TP');

--
-- Déchargement des données de la table `LNM_promo`
--

INSERT INTO `LNM_promo` (`id_promo`, `id_filiere`, `id_statut`, `annee`, `parcour`, `site`, `nbGroupeCM`, `nbGroupeTD`, `nbGroupeTP`, `modifiable`, `id_responsable`) VALUES
(2, 10, 1, 3, NULL, 'Annecy', 1, 1, 2, 0, 19),
(5, 3, 1, 3, NULL, 'Annecy', 1, 1, 2, 0, NULL),
(6, 4, 1, 3, NULL, 'Annecy', 1, 3, 6, 0, NULL),
(7, 2, 1, 3, NULL, 'Bourget', 1, 1, 2, 0, NULL),
(8, 1, 1, 3, NULL, 'Bourget', 1, 2, 4, 0, NULL),
(9, 1, 2, 3, NULL, 'Bourget', 1, 1, 2, 0, NULL),
(10, 7, 1, 0, NULL, 'Annecy', 1, 0, 0, 0, NULL),
(11, 6, 1, 4, NULL, 'Annecy', 1, 1, 2, 0, NULL),
(12, 8, 1, 1, NULL, 'Annecy', 1, 2, 4, 0, NULL),
(13, 10, 1, 4, NULL, 'Annecy', 1, 2, 3, 0, 19),
(14, 10, 1, 5, NULL, 'Annecy', 1, 1, 1, 0, 19),
(15, 3, 1, 4, NULL, 'Annecy', 1, 1, 2, 0, NULL),
(16, 3, 1, 5, NULL, 'Annecy', 1, 1, 2, 0, NULL),
(17, 4, 1, 4, NULL, 'Annecy', 1, 2, 4, 0, NULL),
(18, 8, 1, 2, NULL, 'Annecy', 1, 2, 4, 0, NULL),
(19, 8, 1, 1, NULL, 'Bourget', 1, 2, 4, 0, NULL),
(20, 8, 1, 2, NULL, 'Bourget', 1, 2, 4, 0, NULL),
(23, 8, 1, 2, 'SPI-Info', 'Annecy', 1, 1, 2, 0, NULL),
(24, 3, 3, 3, NULL, 'Annecy', 1, 1, 2, 1, 18),
(25, 3, 3, 4, NULL, 'Annecy', 1, 1, 2, 1, 18),
(26, 3, 3, 5, NULL, 'Annecy', 1, 1, 2, 1, 18),
(27, 10, 3, 3, NULL, 'Annecy', 1, 1, 2, 1, 12),
(28, 10, 3, 4, NULL, 'Annecy', 1, 1, 2, 1, 12),
(29, 10, 3, 5, NULL, 'Annecy', 1, 1, 2, 1, 12),
(30, 11, 1, 1, NULL, 'Annecy', 1, 1, 1, 0, NULL);

--
-- Déchargement des données de la table `LNM_seanceType`
--

INSERT INTO `LNM_seanceType` (`id_seance_type`, `type`, `commentaire`) VALUES
(1, 'CM', 'cours magistral'),
(2, 'TD', 'travaux dirigés'),
(3, 'TP', 'travaux pratique'),
(4, 'Exam', 'Examen'),
(5, 'PROJ', 'en autonomie');

--
-- Déchargement des données de la table `LNM_semestre`
--

INSERT INTO `LNM_semestre` (`id_semestre`, `semestre`) VALUES
(1, 'S1'),
(10, 'S10'),
(2, 'S2'),
(3, 'S3'),
(4, 'S4'),
(5, 'S5'),
(6, 'S6'),
(7, 'S7'),
(8, 'S8'),
(9, 'S9');

--
-- Déchargement des données de la table `LNM_statut`
--

INSERT INTO `LNM_statut` (`id_statut`, `nom_statut`, `Description`) VALUES
(1, 'FISE', 'Formation initiale sous statut étudiant'),
(2, 'FISA', 'Formation initiale sous statut apprenti'),
(3, 'FISEA', 'Formation initiale sous statut étudiant puis apprenti'),
(4, 'FISECP', 'Formation initiale sous statut étudiant puis en contrat pro');

--
-- Déchargement des données de la table `MAQUETTE_dependance_sequence`
--

INSERT INTO `MAQUETTE_dependance_sequence` (`id_sequence_prev`, `id_sequence_next`, `id_responsable`, `modifiable`) VALUES
(1, 2, 18, 0),
(2, 4, 18, 0),
(3, 5, 18, 0),
(4, 3, 18, 0),
(5, 6, 18, 0),
(6, 7, 18, 0),
(7, 8, 18, 0),
(8, 9, 18, 0),
(9, 571, 18, 0),
(10, 11, 18, 0),
(11, 12, 18, 0),
(12, 13, 18, 0),
(13, 14, 18, 0),
(14, 15, 18, 0),
(15, 16, 18, 0),
(16, 17, 18, 0),
(17, 18, 18, 0),
(18, 19, 18, 0),
(19, 20, 18, 0),
(20, 21, 18, 0),
(21, 22, 18, 0),
(22, 23, 18, 0),
(23, 24, 18, 0),
(24, 25, 18, 0),
(25, 26, 18, 0),
(26, 27, 18, 0),
(27, 28, 18, 0),
(28, 574, 18, 0),
(29, 37, 18, 0),
(30, 39, 18, 0),
(31, 41, 18, 0),
(32, 42, 18, 0),
(33, 44, 18, 0),
(34, 45, 18, 0),
(35, 36, 18, 0),
(37, 38, 18, 0),
(38, 30, 18, 0),
(39, 40, 18, 0),
(40, 46, 18, 0),
(41, 47, 18, 0),
(42, 48, 18, 0),
(44, 34, 18, 0),
(45, 49, 18, 0),
(46, 31, 18, 0),
(47, 32, 18, 0),
(48, 33, 18, 0),
(49, 35, 18, 0),
(50, 51, 18, 0),
(51, 52, 18, 0),
(52, 53, 18, 0),
(53, 54, 18, 0),
(54, 50, 18, 0),
(55, 56, 18, 0),
(56, 57, 18, 0),
(57, 58, 18, 0),
(58, 59, 18, 0),
(59, 60, 18, 0),
(60, 61, 18, 0),
(62, 63, 18, 0),
(63, 64, 18, 0),
(64, 65, 18, 0),
(65, 60, 18, 0),
(66, 67, 18, 0),
(67, 68, 18, 0),
(68, 69, 18, 0),
(70, 71, 18, 0),
(71, 77, 18, 0),
(72, 73, 18, 0),
(73, 79, 18, 0),
(74, 75, 18, 0),
(75, 81, 18, 0),
(77, 78, 18, 0),
(78, 72, 18, 0),
(79, 80, 18, 0),
(80, 74, 18, 0),
(81, 86, 18, 0),
(82, 83, 18, 0),
(83, 76, 18, 0),
(86, 87, 18, 0),
(87, 88, 18, 0),
(88, 89, 18, 0),
(89, 90, 18, 0),
(90, 82, 18, 0),
(91, 218, 18, 0),
(92, 218, 18, 0),
(93, 218, 18, 0),
(94, 218, 18, 0),
(95, 218, 18, 0),
(96, 218, 18, 0),
(97, 218, 18, 0),
(98, 218, 18, 0),
(99, 100, 18, 0),
(100, 101, 18, 0),
(101, 102, 18, 0),
(102, 103, 18, 0),
(103, 104, 18, 0),
(104, 105, 18, 0),
(105, 106, 18, 0),
(106, 107, 18, 0),
(107, 108, 18, 0),
(108, 274, 18, 0),
(109, 122, 14, 1),
(159, 164, 15, 0),
(160, 165, 15, 0),
(161, 166, 15, 0),
(164, 160, 15, 0),
(165, 161, 15, 0),
(166, 573, 15, 0),
(167, 185, 10, 0),
(185, 186, 10, 0),
(186, 187, 10, 0),
(187, 188, 10, 0),
(188, 189, 10, 0),
(189, 190, 10, 0),
(190, 191, 10, 0),
(191, 192, 10, 0),
(192, 193, 10, 0),
(193, 194, 10, 0),
(194, 195, 10, 0),
(195, 196, 10, 0),
(196, 197, 10, 0),
(197, 198, 10, 0),
(198, 198, 10, 0),
(199, 200, 10, 0),
(200, 201, 10, 0),
(202, 203, 24, 0),
(203, 204, 24, 0),
(204, 205, 24, 0),
(205, 206, 24, 0),
(206, 207, 24, 0),
(207, 208, 24, 0),
(208, 209, 24, 0),
(209, 210, 24, 0),
(210, 211, 24, 0),
(211, 212, 24, 0),
(212, 213, 24, 0),
(213, 214, 24, 0),
(214, 215, 24, 0),
(215, 216, 24, 0),
(216, 217, 24, 0),
(219, 245, 15, 0),
(239, 247, 15, 0),
(240, 241, 15, 0),
(241, 248, 15, 0),
(242, 249, 15, 0),
(243, 250, 15, 0),
(244, 251, 15, 0),
(245, 246, 15, 0),
(246, 239, 15, 0),
(247, 240, 15, 0),
(248, 242, 15, 0),
(249, 243, 15, 0),
(250, 244, 15, 0),
(251, 252, 15, 0),
(252, 253, 15, 0),
(253, 254, 15, 0),
(254, 255, 15, 0),
(255, 256, 15, 0),
(256, 257, 15, 0),
(258, 259, 6, 0),
(259, 260, 6, 0),
(260, 261, 6, 0),
(261, 262, 6, 0),
(262, 263, 6, 0),
(263, 264, 6, 0),
(264, 265, 6, 0),
(265, 266, 6, 0),
(266, 267, 6, 0),
(267, 268, 6, 0),
(268, 269, 6, 0),
(269, 270, 6, 0),
(270, 271, 6, 0),
(271, 272, 6, 0),
(272, 273, 6, 0),
(275, 276, 15, 0),
(276, 277, 15, 0),
(277, 278, 15, 0),
(278, 279, 15, 0),
(279, 280, 15, 0),
(280, 281, 15, 0),
(281, 282, 15, 0),
(282, 283, 15, 0),
(283, 284, 15, 0),
(284, 285, 15, 0),
(285, 286, 15, 0),
(286, 287, 15, 0),
(287, 288, 15, 0),
(288, 289, 15, 0),
(289, 290, 15, 0),
(290, 291, 15, 0),
(291, 292, 15, 0),
(292, 293, 15, 0),
(293, 294, 15, 0),
(295, 296, 15, 0),
(296, 297, 15, 0),
(297, 298, 15, 0),
(298, 299, 15, 0),
(299, 300, 15, 0),
(300, 301, 15, 0),
(301, 302, 15, 0),
(302, 303, 15, 0),
(303, 304, 15, 0),
(304, 305, 15, 0),
(305, 306, 15, 0),
(306, 307, 15, 0),
(307, 308, 15, 0),
(308, 309, 15, 0),
(309, 310, 15, 0),
(311, 312, 10, 0),
(312, 313, 10, 0),
(313, 314, 10, 0),
(314, 315, 10, 0),
(315, 316, 10, 0),
(316, 317, 10, 0),
(317, 318, 10, 0),
(318, 319, 10, 0),
(319, 320, 10, 0),
(320, 321, 10, 0),
(321, 322, 10, 0),
(322, 323, 10, 0),
(323, 324, 10, 0),
(324, 325, 10, 0),
(325, 326, 10, 0),
(326, 327, 10, 0),
(327, 328, 10, 0),
(328, 329, 10, 0),
(329, 330, 10, 0),
(331, 332, 10, 0),
(332, 333, 10, 0),
(333, 334, 10, 0),
(334, 335, 10, 0),
(335, 336, 10, 0),
(336, 337, 10, 0),
(337, 338, 10, 0),
(338, 339, 10, 0),
(339, 340, 10, 0),
(340, 341, 10, 0),
(341, 342, 10, 0),
(342, 343, 10, 0),
(343, 344, 10, 0),
(344, 345, 10, 0),
(345, 346, 10, 0),
(346, 347, 10, 0),
(348, 349, 15, 0),
(349, 350, 15, 0),
(350, 351, 15, 0),
(351, 352, 15, 0),
(352, 353, 15, 0),
(353, 354, 15, 0),
(354, 355, 15, 0),
(355, 356, 15, 0),
(356, 357, 15, 0),
(357, 358, 15, 0),
(359, 360, 24, 0),
(360, 361, 24, 0),
(361, 362, 24, 0),
(362, 363, 24, 0),
(363, 364, 24, 0),
(364, 365, 24, 0),
(365, 366, 24, 0),
(366, 367, 24, 0),
(367, 368, 24, 0),
(368, 369, 24, 0),
(369, 370, 24, 0),
(370, 371, 24, 0),
(371, 372, 24, 0),
(413, 414, 16, 0),
(414, 415, 16, 0),
(415, 416, 16, 0),
(416, 417, 16, 0),
(417, 418, 16, 0),
(418, 419, 16, 0),
(419, 420, 16, 0),
(420, 421, 16, 0),
(421, 422, 16, 0),
(422, 423, 16, 0),
(423, 424, 16, 0),
(424, 425, 16, 0),
(425, 426, 16, 0),
(426, 427, 16, 0),
(427, 428, 16, 0),
(428, 429, 16, 0),
(429, 430, 16, 0),
(430, 431, 16, 0),
(431, 432, 16, 0),
(433, 434, 8, 0),
(434, 435, 8, 0),
(435, 436, 8, 0),
(436, 437, 8, 0),
(437, 438, 8, 0),
(438, 439, 8, 0),
(439, 440, 8, 0),
(440, 441, 8, 0),
(441, 442, 8, 0),
(442, 443, 8, 0),
(443, 444, 8, 0),
(444, 445, 8, 0),
(445, 446, 8, 0),
(446, 447, 8, 0),
(448, 449, 15, 0),
(449, 450, 15, 0),
(450, 451, 15, 0),
(451, 452, 15, 0),
(452, 453, 15, 0),
(453, 454, 15, 0),
(456, 457, 8, 0),
(457, 458, 8, 0),
(458, 459, 8, 0),
(459, 460, 8, 0),
(460, 461, 8, 0),
(461, 462, 8, 0),
(462, 463, 8, 0),
(463, 464, 8, 0),
(464, 465, 8, 0),
(465, 466, 8, 0),
(466, 467, 8, 0),
(467, 468, 8, 0),
(468, 469, 8, 0),
(469, 470, 8, 0),
(470, 471, 8, 0),
(471, 472, 8, 0),
(473, 474, 53, 0),
(474, 475, 53, 0),
(475, 476, 53, 0),
(476, 477, 53, 0),
(477, 478, 53, 0),
(478, 479, 53, 0),
(479, 480, 53, 0),
(480, 481, 53, 0),
(481, 482, 53, 0),
(482, 483, 53, 0),
(483, 484, 53, 0),
(484, 485, 53, 0),
(485, 486, 53, 0),
(487, 488, 16, 0),
(488, 489, 16, 0),
(489, 490, 16, 0),
(490, 491, 16, 0),
(491, 492, 16, 0),
(492, 493, 16, 0),
(493, 494, 16, 0),
(494, 495, 16, 0),
(495, 496, 16, 0),
(496, 497, 16, 0),
(497, 498, 16, 0),
(498, 499, 16, 0),
(499, 500, 16, 0),
(500, 501, 16, 0),
(501, 502, 16, 0),
(502, 503, 16, 0),
(503, 504, 16, 0),
(504, 505, 16, 0),
(505, 506, 16, 0),
(507, 508, 15, 0),
(508, 509, 15, 0),
(509, 510, 15, 0),
(510, 511, 15, 0),
(511, 512, 15, 0),
(512, 513, 15, 0),
(513, 514, 15, 0),
(514, 515, 15, 0),
(515, 516, 15, 0),
(516, 517, 15, 0),
(517, 518, 15, 0),
(518, 519, 15, 0),
(519, 520, 15, 0),
(520, 521, 15, 0),
(521, 522, 15, 0),
(522, 523, 15, 0),
(523, 524, 15, 0),
(524, 525, 15, 0),
(525, 526, 15, 0),
(549, 550, 16, 0),
(550, 551, 16, 0),
(551, 552, 16, 0),
(552, 553, 16, 0),
(553, 554, 16, 0),
(554, 555, 16, 0),
(555, 556, 16, 0),
(556, 557, 16, 0),
(557, 558, 16, 0),
(558, 559, 16, 0),
(559, 560, 16, 0),
(560, 561, 16, 0),
(561, 562, 16, 0),
(562, 563, 16, 0),
(563, 564, 16, 0),
(564, 565, 16, 0),
(565, 566, 16, 0),
(566, 567, 16, 0),
(567, 568, 16, 0),
(568, 569, 16, 0),
(569, 570, 16, 0),
(572, 159, 15, 0);

--
-- Déchargement des données de la table `MAQUETTE_discipline`
--

INSERT INTO `MAQUETTE_discipline` (`id_discipline`, `nom`) VALUES
(5, 'Automatique'),
(8, 'Elec.'),
(1, 'Informatique'),
(6, 'Langue'),
(2, 'Mathématiques'),
(4, 'PACI'),
(9, 'Projet'),
(7, 'SHES'),
(3, 'Traitement du signal');

--
-- Déchargement des données de la table `MAQUETTE_learning_unit`
--

INSERT INTO `MAQUETTE_learning_unit` (`id_learning_unit`, `learning_unit_code`, `learning_unit_name`, `id_promo`) VALUES
(1, 'UE501', 'Passerelle vers le parcours professionnel', 5),
(2, 'UE503', 'Sciences de l\'ingénieur IDU1', 5),
(3, 'UE502', 'Sciences et outils de l\'ingénieur', 5),
(4, 'UE601', 'Passerelle vers le parcours professionnel', 5),
(5, 'UE602', 'Mathématiques et algorithmique', 5),
(6, 'UE603', 'Informatique et Conception', 5),
(7, 'UE604', 'Environnement et Applications', 5),
(8, 'UE701', 'Passerelle vers le parcours professionnel', 15),
(9, 'UE702', 'Mathématiques et Données ', 15),
(10, 'UE703', ' Informatique et Conception ', 15),
(11, 'UE704', 'Visualisation et Gouvernance', 15),
(12, 'UE801', 'Passerelle vers le parcours professionnel', 15),
(13, 'UE802', 'Stage', 15),
(14, 'UE803', 'Données et aide à la décision', 15),
(15, 'UE804', ' Informatique et Conception', 15),
(16, 'UE901', 'Passerelle vers le parcours professionnel', 16),
(17, 'UE902', 'Optimisation et HPC', 16),
(18, 'UE903', 'Données et Aide la décision', 16),
(22, 'UE531', 'Passerelle vers le parcours professionnel', 24),
(23, 'UE532', 'Informatique', 24),
(24, 'UE533', 'Entreprise', 24),
(25, 'UE631', 'Passerelle vers le parcours professionnel', 24),
(26, 'UE632', 'Informatique', 24),
(27, 'UE633', 'Entreprise', 24),
(28, 'UE731', 'Passerelle vers le parcours professionnel', 25),
(29, 'UE732', 'Informatique', 25),
(30, 'UE733', 'Entreprise', 25),
(31, 'UE831', 'Passerelle vers le parcours professionnel', 25),
(32, 'UE832', 'Informatique', 25),
(33, 'UE833', 'Entreprise', 25),
(34, 'UE931', 'Passerelle vers le parcours professionnel', 26),
(35, 'UE932', 'Informatique', 26),
(36, 'UE933', 'Entreprise', 26),
(37, 'UAF103', 'Sciences pour l\'ingénieur ', 12),
(38, 'UAF203', 'Informatique', 12),
(39, 'UAF304', 'Sciences pour l\'ingénieur ', 18),
(40, 'UAF402', 'Couches matérielles', 18),
(41, 'UAF403', 'Electronique embarquée et gestion de données', 18),
(42, 'UAF404', 'Informatique', 18),
(43, 'UE501', 'Passerelle vers le parcours professionnel', 2),
(44, 'UE501', 'Passerelle vers le parcours professionnel', 6),
(45, 'UE501', 'Passerelle vers le parcours professionnel', 8),
(46, 'UE501', 'Passerelle vers le parcours professionnel', 7),
(47, 'UE502', 'Sciences et outils de l\'ingénieur', 2),
(48, 'UE502', 'Sciences et outils de l\'ingénieur', 6),
(49, 'UE502', 'Sciences et outils de l\'ingénieur', 7),
(50, 'UE502', 'Sciences et outils de l\'ingénieur', 8),
(51, 'UE703', 'Individual project and openness courses', 30),
(52, 'UE503', 'UE503 Sciences de l\'Ingénieur', 2),
(53, 'UE802', 'Conception mécanique, mécatronique et composite 2', 17),
(54, 'UE802', 'Méthodologie de l\'ingénieur', 11),
(55, 'UE903', 'Data science et objets communicants', 14);

--
-- Déchargement des données de la table `MAQUETTE_module`
--

INSERT INTO `MAQUETTE_module` (`id_module`, `code_module`, `nom`, `ECTS`, `id_discipline`, `id_semestre`, `hCM`, `hTD`, `hTP`, `hTPTD`, `hPROJ`, `hPersonnelle`, `id_responsable`, `id_etat_module`, `commentaire`, `modifiable`) VALUES
(1, 'INFO101', 'Introduction à l\'algorithmique', 3.0, 1, 1, 6, 9, 12, NULL, NULL, NULL, 14, 1, NULL, 0),
(2, 'INFO202', 'Programmation et algorithmique', 3.0, 1, 2, 6, 9, 12, NULL, NULL, NULL, 19, 1, NULL, 0),
(3, 'INFO201', 'Système d\'exploitation', 3.0, 1, 2, 6, 6, 15, NULL, NULL, NULL, 15, 1, NULL, 0),
(12, 'INFO501', 'Numération et Algorithmique', 3.0, 1, 5, 10.5, 10.5, NULL, 16, NULL, NULL, 14, 1, '- Est-il envisageable de programmer des séances de td (au moins 2) sur machine ?\r\n(ces séances se passeraient en salle de TP, avec 2 étudiants par machine)\r\n\r\n- Est-il possible de grouper les séances de TP n°2, 3 et 4 soit toutes les 3 avant Noël, soit toutes les 3 après Noël.\r\nEn effet, ces séances correspondent à un seul sujet de tp, et quand il y a la coupure de Noël, cela ne facilite pas les choses.\r\n\r\n* Enchainement C/TD/TP :\r\n\r\nC1\r\nC2\r\nC3\r\n    TD1\r\nC4\r\n    TD2\r\nC5\r\n    TD3\r\nC6\r\n    TD4\r\nC7\r\n    TD5, TD6\r\n        TP1\r\n    TD7\r\n        TP2, TP3, TP4\r\n\r\nLe CC est à placer après la fin complète du module.', 0),
(13, 'INFO502', 'Initiation aux BD', 1.5, 1, 5, 6, 4.5, 12, NULL, NULL, NULL, 18, 1, 'CM en amphi TD en salles de TD TP en salles machines Exam pas forcément en parallèle sur les 2 sites Si possible placer tous les CM, TD et TP entre la rentrée et Toussaint et placer l\'exam après la Toussaint Regrouper, si possible, la même 1/2 journée les TD des enseignants qui ont 2 groupes. Ordre des cours : CM1 -> CM2 -> TD1 -> CM3 -> TD2 -> TD3 -> TP1 -> TP2 -> TP3 -> Exam', 0),
(14, 'INFO641', 'Conception et Programmation Orienté Objet', 2.5, 1, 6, 9, 9, 8, 12, NULL, NULL, 8, 1, NULL, 0),
(15, 'INFO642', 'Base de Données et Technologies Web', NULL, 1, 6, 8.5, 7.5, 20, NULL, NULL, NULL, 17, 1, NULL, 0),
(16, 'INFO743', 'Réseaux et Systèmes répartis', 2.5, 1, 7, 18, 16, 4, NULL, NULL, NULL, 16, 1, NULL, 0),
(17, 'INFO741', 'Systèmes embarqués et systèmes d\'exploitation', NULL, 1, 7, 9, 3, 24, NULL, NULL, NULL, 12, 1, NULL, 0),
(18, 'INFO742', 'Méthodes de développement logiciel et qualité', NULL, 1, 7, 12.5, 7.5, NULL, 16, NULL, NULL, 6, 1, NULL, 0),
(19, 'INFO790', 'Informatique', NULL, 1, 7, NULL, NULL, NULL, NULL, NULL, NULL, 10, 1, NULL, 0),
(20, 'INFO851_MMT', 'Système embarqué 1', NULL, 1, 8, 7.5, 9, 20, NULL, NULL, NULL, 19, 1, NULL, 0),
(21, 'INFO890', 'Algorithmique et Base de Données', NULL, 1, 8, NULL, NULL, NULL, NULL, NULL, NULL, 10, 1, NULL, 0),
(22, 'EASI890_CM', 'Système embarqué', NULL, 1, 8, 8, NULL, 32, NULL, NULL, NULL, 9, 1, NULL, 0),
(23, 'INFO951', 'Système embarqué 2', NULL, 1, 9, 9, 3, 24, NULL, NULL, NULL, 12, 1, 'Les CM est l\'exam sont communs avec INFO941', 0),
(24, 'INFO941', 'Système embarqué 2', NULL, 1, 9, 9, 3, NULL, 24, NULL, NULL, 12, 1, NULL, 0),
(25, 'INFO942', 'Apprentissage automatique et fouille de données', NULL, 1, 9, 12, NULL, 24, NULL, NULL, NULL, 24, 1, NULL, 0),
(26, 'INFO943_SNI', 'Internet des objets', NULL, 1, 9, 3, 9, 24, NULL, NULL, NULL, 16, 1, '1 seul groupe de TP dans 2 salles TP : Projet', 0),
(27, 'PROJ942', 'Reconnaissance de visages', NULL, 1, 9, NULL, NULL, 36, NULL, NULL, NULL, 19, 1, NULL, 0),
(32, 'PROJ641', 'APP', NULL, 1, 6, NULL, NULL, 24, NULL, NULL, NULL, 9, 1, NULL, 0),
(33, 'PROJ741', 'APP', NULL, 1, 7, NULL, NULL, 24, NULL, NULL, NULL, 9, 1, NULL, 0),
(34, 'PROJ841', 'APP', NULL, 1, 8, NULL, NULL, 40, NULL, NULL, NULL, 9, 1, NULL, 0),
(35, 'PROJ943', 'APP', NULL, 1, 9, NULL, NULL, 24, NULL, NULL, NULL, 9, 1, NULL, 0),
(36, 'INFO305', 'Programmation objet I', 3.0, 1, 3, 6, 9, 12, NULL, NULL, NULL, 17, 1, NULL, 0),
(39, 'INFO402', 'Programmation orientée objet II', 3.0, 1, 4, 6, 9, 12, NULL, NULL, NULL, 17, 1, NULL, 0),
(41, 'INFO404', 'Bases de données', 3.0, 1, 4, 6, 9, 12, NULL, NULL, NULL, 10, 1, NULL, 0),
(42, 'ISOC531_IDU', 'Sociétés numériques', 3.0, 1, 5, 13.5, NULL, 4, 22.5, NULL, NULL, 16, 1, NULL, 0),
(43, 'PROJ531', 'Gestion de projets', 3.0, 1, 5, 6, 6, 28, NULL, NULL, NULL, 6, 1, NULL, 0),
(44, 'INFO631', 'Logique et Programmation', 3.0, 1, 6, 10.5, 10.5, 20, NULL, NULL, NULL, 18, 1, NULL, 0),
(45, 'MATH531', 'Graphes et Langages', 3.0, 1, 5, 12, 12, 16, NULL, NULL, NULL, 18, 1, NULL, 0),
(46, 'INFO632', 'Systèmes d’exploitation et Virtualisation', 3.0, 1, 6, 10.5, 13.5, 16, NULL, NULL, NULL, 15, 1, NULL, 0),
(47, 'ISOC631', 'Plateformes collaboratives', 3.0, 1, 6, 13.5, 15, 12, NULL, NULL, NULL, 16, 1, NULL, 0),
(48, 'PROJ632', 'Projet Data Science', 3.0, 1, 6, NULL, NULL, NULL, 30, NULL, NULL, 18, 1, NULL, 0),
(49, 'PROJ631', 'Projet Algorithmique', 4.0, 1, 6, NULL, NULL, NULL, 42, NULL, NULL, 18, 1, NULL, 0),
(50, 'DATA731', 'Modélisation Stochastique', 3.0, 1, 7, 12, NULL, 24, NULL, NULL, NULL, 24, 1, NULL, 0),
(51, 'INFO731_IDU', 'Sécurité et Cryptographie', 3.0, 1, 7, 13.5, 10.5, 4, 12, NULL, NULL, 16, 1, NULL, 0),
(52, 'INFO732', 'Comportement et Modélisation Dynamique', 2.5, 1, 7, 7.5, 6, 24, NULL, NULL, NULL, 8, 1, NULL, 0),
(53, 'PROJ731', 'Analyse et visualisation de données', 2.0, 1, 7, NULL, NULL, NULL, 20, NULL, NULL, 8, 1, NULL, 0),
(54, 'DATA732', 'Analyse et visualisation de données', 3.0, 1, 7, 12, 7.5, NULL, 16, NULL, NULL, 8, 1, NULL, 0),
(55, 'INFO734', 'Développement Full Stack', 3.0, 1, 7, 12, NULL, NULL, 24, NULL, NULL, 14, 1, NULL, 0),
(56, 'ISOC731', 'Économie et gouvernance de la donnée', 3.0, 1, 7, 15, 9, 4, 12, NULL, NULL, 16, 1, NULL, 0),
(57, 'DATA831', 'Big Data', 1.0, 1, 8, 7.5, NULL, 12, NULL, NULL, NULL, 15, 1, NULL, 0),
(58, 'DATA832', 'Machine Learning 1', 2.5, 1, 8, 9, 9, 12, NULL, NULL, NULL, 10, 1, NULL, 0),
(59, 'INFO831', 'Informatique décisionnelle', 2.5, 1, 8, 9, 9, 12, NULL, NULL, NULL, 24, 1, NULL, 0),
(60, 'ISOC831', 'Dimension métiers', 1.5, 1, 8, 30, NULL, NULL, NULL, NULL, NULL, 18, 1, NULL, 0),
(61, 'INFO832', 'Qualité et tests logiciel', 2.5, 1, 8, 12, 12, 16, NULL, NULL, NULL, 18, 1, NULL, 0),
(62, 'INFO833', 'Systèmes distribués à large échelle', 2.5, 1, 8, 12, 13.5, 15, NULL, NULL, NULL, 15, 1, NULL, 0),
(63, 'INFO834', 'Bases de données distribuées', 2.5, 1, 8, 7.5, 7.5, 24, NULL, NULL, NULL, 6, 1, NULL, 0),
(64, 'PROJ831', 'Projet Informatique Données et Usages', 1.5, 1, 8, NULL, NULL, NULL, 20, NULL, NULL, 18, 1, NULL, 0),
(65, 'INFO931', 'Optimisation et aide à la décision multicritère', 3.0, 1, 9, 12, 12, 16, NULL, NULL, NULL, 15, 1, NULL, 0),
(66, 'INFO932', 'Calcul haute performance et Cloud Computing', 3.0, 1, 9, 7.5, 7.5, 24, NULL, NULL, NULL, 15, 1, NULL, 0),
(67, 'PROJ931', 'Projet Usages', 4.0, 1, 9, NULL, NULL, 40, NULL, NULL, NULL, 15, 1, NULL, 0),
(68, 'DATA931', 'Machine Learning', 3.0, 1, 9, 12, 12, 16, NULL, NULL, NULL, 10, 1, NULL, 0),
(69, 'ISOC931', 'Innovation et Recherche', 3.0, 1, 9, 6, 12, 20, NULL, NULL, NULL, 10, 1, NULL, 0),
(70, 'PROJ932', 'Projet Data Science', 4.0, 1, 9, NULL, NULL, 40, NULL, NULL, NULL, 15, 1, NULL, 0),
(72, 'INFO850', 'Informatique - Computer science', NULL, 1, 8, NULL, NULL, NULL, NULL, NULL, NULL, 29, 1, NULL, 0),
(73, 'INFO841', 'Sécurité des systèmes cyber-physiques', NULL, 1, 8, 7.5, 4.5, 12, NULL, NULL, NULL, 16, 1, NULL, 0),
(74, 'INFO633', 'APP - Bases de données et technologies web', 2.5, 1, 6, 8.5, 7.5, 20, NULL, NULL, NULL, 17, 1, NULL, 0),
(75, 'INFO405', 'Projet de programmation', 3.0, 1, 4, NULL, 6, 15, NULL, NULL, NULL, 17, 1, NULL, 0),
(76, 'LANG501', 'Anglais', 4.0, 6, 5, NULL, 40.5, NULL, NULL, NULL, NULL, NULL, 1, NULL, 0),
(77, 'SHES501', 'Sport', 1.0, 7, 5, NULL, 21, NULL, NULL, NULL, NULL, NULL, 1, NULL, 0),
(78, 'SHES505', 'Simulation de gestion d\'entreprise', 1.0, 7, 5, NULL, 19.5, NULL, NULL, NULL, NULL, NULL, 1, NULL, 0),
(79, 'LANG500', 'Soutien anglais', 0.0, 6, 5, NULL, 12, NULL, NULL, NULL, NULL, NULL, 1, NULL, 0),
(80, 'DDRS501', 'Développement Durable', 1.5, 7, 5, 12, 9, NULL, NULL, NULL, NULL, NULL, 1, NULL, 0),
(81, 'EASI501', 'Electricité', 3.0, 8, 5, 13.5, 15, 12, NULL, NULL, NULL, NULL, 1, NULL, 0),
(82, 'MATH500', 'Soutien en Mathématiques ', 0.0, 2, 5, NULL, 21, NULL, NULL, NULL, NULL, NULL, 1, NULL, 0),
(83, 'MATH501', 'Mathématiques', 3.0, 2, 5, 21, 19.5, NULL, NULL, NULL, NULL, NULL, 1, NULL, 0),
(84, 'EASI541', 'Automatisation', 3.0, 5, 5, 6, 13.5, 20, NULL, NULL, NULL, NULL, 1, NULL, 0),
(85, 'LANG600', 'Soutien Anglais ', 0.0, 6, 6, NULL, 12, NULL, NULL, NULL, NULL, NULL, 1, NULL, 0),
(86, 'LANG601', 'Anglais', 4.0, 6, 6, NULL, 40.5, NULL, NULL, NULL, NULL, NULL, 1, NULL, 0),
(87, 'PROJ601', 'Stage découverte du milieu professionnel', 0.0, 9, 6, NULL, NULL, NULL, NULL, NULL, NULL, NULL, 1, NULL, 0),
(88, 'SHES601', 'Gestion financière', 1.0, 7, 6, 10.5, 9, NULL, NULL, NULL, NULL, NULL, 1, NULL, 0),
(89, 'SHES602', 'Initiation au droit', 1.0, 7, 6, 15, 4.5, NULL, NULL, NULL, NULL, NULL, 1, NULL, 0),
(90, 'PROJ600', 'Stage facultatif', 0.0, 9, 6, NULL, NULL, NULL, NULL, NULL, NULL, NULL, 1, NULL, 0),
(91, 'MATH641', 'Mathématiques', 3.0, 2, 6, 18, 18, NULL, NULL, NULL, NULL, NULL, 1, NULL, 0),
(93, 'LANG700', 'Soutien Anglais', 0.0, 6, 7, NULL, 6, NULL, NULL, NULL, NULL, NULL, 1, NULL, 0),
(94, 'SHES703', 'Visualisation et Gouvernance', 1.5, 7, 7, NULL, 15, 4, NULL, NULL, NULL, NULL, 1, NULL, 0),
(95, 'SHES704', 'Créativité et management de l\'innovation', 1.5, 7, 7, NULL, 25.5, NULL, NULL, NULL, NULL, NULL, 1, NULL, 0),
(96, 'LANG701', 'Anglais', 3.0, 6, 7, NULL, 40.5, NULL, NULL, NULL, NULL, NULL, 1, NULL, 0),
(97, 'LANG702', 'Anglais + LV2', 3.0, 6, 7, NULL, 35, NULL, NULL, NULL, NULL, NULL, 1, NULL, 0),
(98, 'MATH741', 'Probabilités ‐ Statistique', 2.0, 2, 7, 18, 18, NULL, NULL, NULL, NULL, NULL, 1, NULL, 0),
(100, 'LANG800', 'Soutien Anglais', 0.0, 6, 8, NULL, 6, NULL, NULL, NULL, NULL, NULL, 1, NULL, 0),
(101, 'SHES802', 'Système de Management Intégré QSE (Qualité Sécurité Environnement)', 1.5, 7, 8, 9, 10.5, NULL, NULL, NULL, NULL, NULL, 1, NULL, 0),
(102, 'SHES803', 'Théorie des organisations', 1.5, 7, 8, 9, 9, NULL, NULL, NULL, NULL, NULL, 1, NULL, 0),
(103, 'LANG801', 'Anglais (Niveau TOEIC non atteint)', 3.0, 6, 8, NULL, 40.5, NULL, NULL, NULL, NULL, NULL, 1, NULL, 0),
(104, 'LANG802', 'Langues vivantes (Niveau TOEIC atteint)', 3.0, 6, 8, NULL, 35, NULL, NULL, NULL, NULL, NULL, 1, NULL, 0),
(105, 'PROJ801', 'Stage assistant ingénieur', 6.0, 9, 8, NULL, NULL, NULL, NULL, NULL, NULL, NULL, 1, NULL, 0),
(112, 'LANG901', 'Anglais (Niveau TOEIC non atteint)', 2.5, 6, 9, NULL, 40.5, NULL, NULL, NULL, NULL, NULL, 1, NULL, 0),
(113, 'LANG902', 'Langues vivantes (Niveau TOEIC atteint)', 2.5, 6, 9, NULL, 35, NULL, NULL, NULL, NULL, NULL, 1, NULL, 0),
(114, 'SHES901', 'Techniques de management', 1.5, 7, 9, 15, 7.5, NULL, NULL, NULL, NULL, NULL, 1, NULL, 0),
(115, 'PROJ901', 'Projet Recherche et Développement ', 6.0, 9, 9, NULL, NULL, 40, NULL, NULL, NULL, NULL, 1, NULL, 0),
(121, 'PACI641', 'Matériaux actifs et intelligents pour l\'instrumentation', NULL, 4, 6, 21, 15, NULL, NULL, NULL, NULL, NULL, 1, NULL, 0),
(122, 'PACI642', 'Optique appliquée et transmission optique', NULL, 4, 6, 14.5, 15.5, 8, NULL, NULL, NULL, NULL, 1, NULL, 0),
(123, 'EASI641', 'Signaux et systèmes', NULL, 3, 6, 12, 12, 12, NULL, NULL, NULL, NULL, 1, NULL, 0),
(124, 'EASI642', 'Signal et image : opérateurs de base', NULL, 3, 6, 13.5, 13.5, 9, NULL, NULL, NULL, 19, 1, NULL, 0),
(125, 'MATH642', 'Mathématiques spécialisées', NULL, 2, 6, 18, 18, NULL, NULL, NULL, NULL, 24, 1, NULL, 0),
(130, 'EASI744', 'Automatique - Stabilité et commande de systèmes', NULL, 5, 7, 10, 10.5, 16, NULL, NULL, NULL, NULL, 1, NULL, 0),
(131, 'PACI741', 'Electronique d\'instrumentation : notions essentielles pour l\'ingénieur', NULL, 4, 7, 12, 12, 12, NULL, NULL, NULL, NULL, 1, NULL, 0),
(132, 'PACI742', 'Systèmes d\'acquisition de données ', NULL, 4, 7, 4.5, NULL, 32, NULL, NULL, NULL, NULL, 1, NULL, 0),
(133, 'EASI741', 'Signaux aléatoires', NULL, 3, 7, 12, 12, 12, NULL, NULL, NULL, 12, 1, NULL, 0),
(134, 'EASI843', 'Automatisation décentralisée', NULL, 5, 8, NULL, NULL, 24, NULL, NULL, NULL, NULL, 1, NULL, 0),
(135, 'PACI841', 'Physique expérimentale, mesures, capteurs et instrumentation', NULL, 4, 8, 15, 13.5, 64, NULL, NULL, NULL, NULL, 1, NULL, 0),
(136, 'EASI842', 'Analyse d\'image et vision par ordinateur', NULL, 3, 8, 15, 13.5, 12, NULL, NULL, NULL, 19, 1, NULL, 0),
(137, 'EASI844', 'Modèles des systèmes à évènements discrets et applications', NULL, 5, 8, 9, 19.5, 12, NULL, NULL, NULL, 24, 1, NULL, 0),
(141, 'EASI943', 'Approche d\'état en automatique : représentation, commande et observation', NULL, 5, 9, 25.5, 25.5, 20, NULL, NULL, NULL, NULL, 1, NULL, 0),
(142, 'EASI941', 'Systèmes communicants, capteurs communicants', NULL, 8, 9, NULL, NULL, 36, NULL, NULL, NULL, NULL, 1, NULL, 0),
(143, 'EASI942', 'Imagerie 3D : acquisition, reconstruction, applications', NULL, 3, 9, 13.5, 10.5, 12, NULL, NULL, NULL, NULL, 1, NULL, 0),
(144, 'LANG502_ALT', 'Anglais Alternants', 3.0, 6, 5, NULL, 36, NULL, NULL, NULL, NULL, NULL, 2, NULL, 0),
(145, 'SHES532_ALT', 'Ressources et dynamique personnelle et professionnelle', 2.0, 7, 5, 12, 12, NULL, NULL, NULL, NULL, NULL, 2, NULL, 0),
(146, 'LANG602_ALT', 'Anglais Alternants', 3.0, 6, 6, NULL, 36, NULL, NULL, NULL, NULL, NULL, 2, NULL, 0),
(147, 'ENTR531_ALT', 'Mission en entreprise', 2.0, 1, 5, NULL, NULL, NULL, NULL, NULL, NULL, 18, 2, NULL, 0),
(148, 'ENTR532_ALT', 'Immersion en entreprise', 6.0, 7, 5, NULL, NULL, NULL, NULL, NULL, NULL, 18, 2, NULL, 0),
(149, 'ENTR631_ALT', 'Mission en entreprise', 2.0, 1, 6, NULL, NULL, NULL, NULL, NULL, NULL, 18, 2, NULL, 0),
(150, 'ENTR632_ALT', 'Gestion de projet informatique', 6.0, 7, 6, NULL, NULL, NULL, NULL, NULL, NULL, 18, 2, NULL, 0),
(151, 'DDRS631_ALT', 'Numérique Durable', 1.0, 7, 6, 0, 15, NULL, NULL, NULL, NULL, 18, 2, NULL, 0),
(152, 'ENTR731_ALT', 'Mission en entreprise', 2.0, 1, 7, NULL, NULL, NULL, NULL, NULL, NULL, 18, 2, NULL, 0),
(153, 'ENTR732_ALT', 'Projet Technique', 6.0, 7, 7, NULL, NULL, NULL, NULL, NULL, NULL, 18, 2, NULL, 0),
(154, 'ENTR831_ALT', 'Mission en entreprise', 2.0, 1, 8, NULL, NULL, NULL, NULL, NULL, NULL, 18, 2, NULL, 0),
(155, 'ENTR832_ALT', 'Projet Data', 6.0, 1, 8, NULL, NULL, NULL, NULL, NULL, NULL, 18, 2, NULL, 0),
(156, 'ENTR931_ALT', 'Mission en entreprise', 2.0, 1, 9, NULL, NULL, NULL, NULL, NULL, NULL, 18, 2, NULL, 0),
(157, 'ENTR932_ALT', 'Projet IDU', 6.0, 1, 9, NULL, NULL, NULL, NULL, NULL, NULL, 18, 2, 'Projet Usages + Data Science', 0),
(159, 'LANG702_ALT', 'Anglais Alternant (Niveau TOEIC non atteint) ', 2.0, 6, 7, NULL, 36, NULL, NULL, NULL, NULL, NULL, 2, NULL, 0),
(160, 'LANG701_ALT', 'Anglais Alternant (Niveau TOEIC atteint) ', 2.0, 6, 7, NULL, 32, NULL, NULL, NULL, NULL, NULL, NULL, NULL, 0),
(161, 'LANG802_ALT', 'Anglais (Niveau TOEIC non atteint)', 2.0, 6, 8, NULL, 36, NULL, NULL, NULL, NULL, NULL, NULL, NULL, 0),
(162, 'LANG801_ALT', 'Anglais (Niveau TOEIC atteint)', 2.0, 6, 8, NULL, 32, NULL, NULL, NULL, NULL, NULL, NULL, NULL, 0),
(163, 'LANG902_ALT', 'Anglais (Niveau TOEIC non atteint)', 2.0, 6, 9, NULL, 36, NULL, NULL, NULL, NULL, NULL, NULL, NULL, 0),
(164, 'LANG901_ALT', 'Anglais (Niveau TOEIC atteint)', 2.0, 6, 9, NULL, 32, NULL, NULL, NULL, NULL, NULL, NULL, NULL, 0),
(165, 'INFO531_ALT', 'BD et algorithmique', 3.0, 1, 5, NULL, 40, NULL, NULL, NULL, NULL, 18, 2, 'Répartition des heures à faire', 0),
(166, 'MATH532_ALT', 'Mise à niveau maths discrètes générales', 3.0, 2, 5, NULL, 40, NULL, NULL, NULL, NULL, 18, 2, 'Répartition des heures à faire', 0),
(167, 'SHES631_ALT', 'management de projets informatiques', 1.5, 7, 6, 10.5, 10.5, NULL, NULL, NULL, NULL, NULL, 2, NULL, 0),
(168, 'MATH631_ALT', 'Proba Stat', 2.5, 2, 6, 15, 15, NULL, NULL, NULL, NULL, NULL, 2, NULL, 0),
(169, 'SHES731_ALT', 'Ouverture SHES', 1.0, 7, 7, NULL, 14, NULL, NULL, NULL, NULL, NULL, 2, 'géopolitique, biais de la donnée, discrimination, numérique et environnement...\r\n6 séances de 3,5h TD', 0),
(170, 'MATH731_ALT', 'Maths discrètes avancées', 1.5, 2, 7, 10.5, 10.5, NULL, NULL, NULL, NULL, NULL, 2, NULL, 0),
(171, 'SHES831_ALT', 'Environnement légal et protection de la donnée personnelle ', 2.0, 7, 8, NULL, 24, NULL, NULL, NULL, NULL, NULL, 2, NULL, 0),
(172, 'MATH831_ALT', 'Représentation géométrique de la donnée', 3.0, 2, 8, 18, 18, NULL, NULL, NULL, NULL, NULL, 2, NULL, 0),
(173, 'SHES931_ALT', 'Ouverture SHES', 3.0, 7, 9, NULL, 35, NULL, NULL, NULL, NULL, NULL, 2, 'géopolitique, biais de la donnée, discrimination, numérique et environnement...\r\n6 séances de 3,5h TD', 0),
(174, 'MATH931_ALT', 'Maths pour le deep', 3.0, 2, 9, 18, 18, NULL, NULL, NULL, NULL, NULL, 2, NULL, 0),
(175, 'PROJ931_ALT', 'Projet R&D', 2.0, 1, 9, NULL, 28, NULL, NULL, NULL, NULL, NULL, 2, NULL, 0),
(176, 'INFO530_ALT', 'Evaluation Compétences Info', 1.0, 1, 5, NULL, NULL, NULL, 12, NULL, NULL, NULL, NULL, 'Évaluation des compétences et remise à niveau en informatique', 0),
(177, 'INFO403', 'Programmation C', 3.0, 1, 4, 6, 9, 12, NULL, NULL, NULL, NULL, NULL, NULL, 0),
(178, 'INFO701_AM', 'Development and deployment frameworks ', 1.0, 1, 7, NULL, NULL, 12, NULL, NULL, NULL, 65, 1, NULL, 0),
(179, 'PROJ541_SNI', 'Découverte expérimentale de la spécialité SNI', 3.0, 1, 5, NULL, NULL, 16, NULL, NULL, NULL, 18, 1, NULL, 0),
(180, 'PROJ832_IDU', 'Flux de Données et Accès Concurrents', 1.5, 1, 8, 4, NULL, NULL, 16, NULL, NULL, 15, 1, NULL, 0);

--
-- Déchargement des données de la table `MAQUETTE_module_as_learning_unit`
--

INSERT INTO `MAQUETTE_module_as_learning_unit` (`id_module`, `id_learning_unit`, `modifiable`, `id_responsable`) VALUES
(1, 37, 0, NULL),
(2, 38, 0, NULL),
(3, 38, 0, NULL),
(12, 3, 0, NULL),
(12, 47, 0, NULL),
(12, 48, 0, NULL),
(12, 49, 0, NULL),
(12, 50, 0, NULL),
(13, 3, 0, NULL),
(13, 47, 0, NULL),
(13, 48, 0, NULL),
(13, 49, 0, NULL),
(13, 50, 0, NULL),
(14, 6, 0, NULL),
(14, 26, 0, NULL),
(16, 10, 0, NULL),
(20, 53, 0, NULL),
(22, 54, 0, NULL),
(26, 55, 0, NULL),
(36, 39, 0, NULL),
(39, 42, 0, NULL),
(41, 41, 0, NULL),
(42, 2, 0, NULL),
(42, 22, 0, NULL),
(43, 2, 0, NULL),
(43, 23, 0, NULL),
(44, 5, 0, NULL),
(44, 26, 0, NULL),
(45, 2, 0, NULL),
(45, 23, 0, NULL),
(46, 7, 0, NULL),
(46, 26, 0, NULL),
(47, 7, 0, NULL),
(47, 25, 0, NULL),
(48, 7, 0, NULL),
(49, 5, 0, NULL),
(50, 9, 0, NULL),
(50, 29, 0, NULL),
(51, 9, 0, NULL),
(51, 29, 0, NULL),
(52, 10, 0, NULL),
(52, 29, 0, NULL),
(53, 10, 0, NULL),
(54, 11, 0, NULL),
(54, 29, 0, NULL),
(55, 11, 0, NULL),
(55, 29, 0, NULL),
(56, 11, 0, NULL),
(56, 28, 0, NULL),
(57, 14, 0, NULL),
(57, 32, 0, NULL),
(58, 14, 0, NULL),
(58, 32, 0, NULL),
(59, 14, 0, NULL),
(59, 32, 0, NULL),
(60, 15, 0, NULL),
(60, 31, 0, NULL),
(61, 15, 0, NULL),
(61, 32, 0, NULL),
(62, 15, 0, NULL),
(62, 32, 0, NULL),
(63, 15, 0, NULL),
(63, 32, 0, NULL),
(64, 14, 0, NULL),
(65, 17, 0, NULL),
(65, 35, 0, NULL),
(66, 17, 0, NULL),
(66, 35, 0, NULL),
(67, 17, 0, NULL),
(68, 18, 0, NULL),
(68, 35, 0, NULL),
(69, 18, 0, NULL),
(69, 34, 0, NULL),
(70, 18, 0, NULL),
(74, 6, 0, NULL),
(74, 26, 0, NULL),
(75, 42, 0, NULL),
(76, 1, 0, NULL),
(77, 1, 0, NULL),
(78, 1, 0, NULL),
(78, 22, 0, NULL),
(79, 1, 0, NULL),
(80, 3, 0, NULL),
(81, 3, 0, NULL),
(82, 3, 0, NULL),
(83, 3, 0, NULL),
(84, 3, 0, NULL),
(85, 4, 0, NULL),
(86, 4, 0, NULL),
(87, 4, 0, NULL),
(88, 4, 0, NULL),
(89, 4, 0, NULL),
(90, 4, 0, NULL),
(91, 5, 0, NULL),
(93, 8, 0, NULL),
(94, 8, 0, NULL),
(95, 8, 0, NULL),
(96, 8, 0, NULL),
(97, 8, 0, NULL),
(98, 9, 0, NULL),
(100, 12, 0, NULL),
(101, 12, 0, NULL),
(102, 12, 0, NULL),
(103, 12, 0, NULL),
(104, 12, 0, NULL),
(105, 13, 0, NULL),
(112, 16, 0, NULL),
(113, 16, 0, NULL),
(114, 16, 0, NULL),
(115, 16, 0, NULL),
(144, 22, 0, NULL),
(145, 22, 0, NULL),
(146, 25, 0, NULL),
(147, 24, 0, NULL),
(148, 24, 0, NULL),
(149, 27, 0, NULL),
(150, 27, 0, NULL),
(151, 25, 0, NULL),
(152, 30, 0, NULL),
(153, 30, 0, NULL),
(154, 33, 0, NULL),
(155, 33, 0, NULL),
(156, 36, 0, NULL),
(157, 36, 0, NULL),
(159, 28, 0, NULL),
(160, 28, 0, NULL),
(161, 31, 0, NULL),
(162, 31, 0, NULL),
(163, 34, 0, NULL),
(164, 34, 0, NULL),
(165, 23, 0, NULL),
(166, 23, 0, NULL),
(167, 25, 0, NULL),
(168, 26, 0, NULL),
(169, 28, 0, NULL),
(170, 29, 0, NULL),
(171, 31, 0, NULL),
(172, 32, 0, NULL),
(173, 34, 0, NULL),
(174, 35, 0, NULL),
(175, 36, 0, NULL),
(176, 23, 0, NULL),
(177, 40, 0, NULL),
(178, 51, 0, NULL),
(179, 52, 0, NULL);

--
-- Déchargement des données de la table `MAQUETTE_module_sequencage`
--

INSERT INTO `MAQUETTE_module_sequencage` (`id_module_sequencage`, `id_module`, `nombre`, `id_seance_type`, `id_groupe_type`, `duree_h`, `intervenant_principal`, `id_responsable`, `modifiable`) VALUES
(1, 13, 3, 1, 1, 1.5, NULL, 18, 0),
(2, 13, 3, 2, 2, 1.5, NULL, 18, 0),
(3, 13, 3, 3, 3, 4.0, NULL, 18, 0),
(4, 61, 7, 1, 1, 1.5, NULL, 18, 0),
(5, 61, 8, 2, 2, 1.5, NULL, 18, 0),
(6, 61, 2, 3, 3, 4.0, NULL, 18, 0),
(7, 61, 2, 3, 2, 4.0, NULL, 18, 0),
(8, 45, 8, 1, 1, 1.5, NULL, 18, 0),
(9, 45, 8, 2, 2, 1.5, NULL, 18, 0),
(10, 45, 4, 3, 3, 4.0, NULL, 18, 0),
(11, 49, 8, 3, 2, 4.0, NULL, 18, 0),
(12, 49, 2, 3, 2, 3.0, NULL, 18, 0),
(13, 49, 2, 3, 2, 2.0, NULL, 18, 0),
(14, 48, 7, 3, 2, 4.0, NULL, 18, 0),
(15, 48, 1, 3, 2, 2.0, NULL, 18, 0),
(16, 44, 7, 1, 1, 1.5, NULL, 18, 0),
(17, 44, 7, 2, 2, 1.5, NULL, 18, 0),
(18, 44, 5, 3, 3, 4.0, NULL, 18, 0),
(19, 60, 8, 1, 1, 3.5, NULL, 18, 0),
(20, 64, 1, 1, 1, 1.5, NULL, 18, 0),
(21, 64, 9, 3, 2, 4.0, NULL, 18, 0),
(22, 12, 8, 1, 1, 1.5, NULL, 14, 0),
(23, 12, 7, 2, 2, 1.5, NULL, 14, 0),
(24, 12, 4, 3, 2, 4.0, NULL, 14, 0),
(25, 42, 9, 1, 1, 1.5, NULL, 16, 0),
(26, 42, 15, 2, 2, 1.5, NULL, 16, 0),
(27, 42, 1, 3, 3, 4.0, NULL, 16, 0),
(28, 57, 5, 1, 1, 1.5, NULL, 15, 0),
(29, 57, 3, 3, 3, 4.0, NULL, 15, 0),
(30, 58, 5, 1, 1, 1.5, NULL, 10, 0),
(31, 58, 4, 2, 2, 1.5, NULL, 10, 0),
(32, 58, 4, 3, 2, 2.0, NULL, 10, 0),
(33, 58, 4, 5, 2, 2.0, NULL, 10, 0),
(34, 58, 1, 4, 1, 1.5, NULL, 10, 0),
(35, 59, 6, 1, 1, 1.5, NULL, 24, 0),
(36, 59, 6, 2, 2, 1.5, NULL, 24, 0),
(37, 59, 3, 3, 3, 4.0, NULL, 24, 0),
(38, 59, 1, 4, 1, 1.5, NULL, 24, 0),
(39, 60, 1, 1, 1, 2.0, NULL, 18, 0),
(40, 62, 7, 1, 1, 1.5, NULL, 15, 0),
(41, 62, 9, 2, 2, 1.5, NULL, 15, 0),
(42, 62, 3, 3, 3, 4.0, NULL, 15, 0),
(43, 62, 1, 4, 1, 1.5, NULL, 15, 0),
(44, 63, 5, 1, 1, 1.5, NULL, 6, 0),
(45, 63, 5, 2, 2, 1.5, NULL, 6, 0),
(46, 63, 6, 3, 3, 4.0, NULL, 6, 0),
(47, 64, 1, 1, 1, 3.0, NULL, 18, 0),
(48, 65, 8, 1, 1, 1.5, NULL, 15, 0),
(49, 65, 8, 2, 2, 1.5, NULL, 15, 0),
(50, 65, 4, 3, 2, 4.0, NULL, 15, 0),
(51, 66, 5, 1, 1, 1.5, NULL, 15, 0),
(52, 66, 6, 3, 2, 4.0, NULL, 15, 0),
(53, 66, 5, 2, 2, 1.5, NULL, 15, 0),
(54, 68, 8, 1, 1, 1.5, NULL, 10, 0),
(55, 68, 8, 2, 2, 1.5, NULL, 10, 0),
(56, 68, 4, 3, 3, 4.0, NULL, 10, 0),
(57, 69, 4, 1, 1, 1.5, NULL, 10, 0),
(58, 69, 8, 2, 2, 1.5, NULL, 10, 0),
(59, 69, 5, 3, 3, 4.0, NULL, 10, 0),
(60, 70, 2, 3, 3, 2.0, NULL, 15, 0),
(61, 70, 9, 3, 3, 4.0, NULL, 15, 0),
(62, 50, 8, 1, 1, 1.5, NULL, 24, 0),
(63, 50, 6, 3, 3, 4.0, NULL, 24, 0),
(64, 51, 9, 1, 1, 1.5, NULL, 16, 0),
(65, 51, 7, 2, 2, 1.5, NULL, 16, 0),
(66, 51, 3, 3, 2, 4.0, NULL, 16, 0),
(67, 51, 1, 3, 3, 4.0, NULL, 16, 0),
(68, 52, 4, 1, 1, 1.5, NULL, 8, 0),
(69, 52, 4, 2, 2, 1.5, NULL, 8, 0),
(70, 52, 6, 3, 3, 4.0, NULL, 8, 0),
(71, 52, 1, 4, 1, 1.5, NULL, 8, 0),
(72, 53, 2, 1, 1, 2.0, NULL, 15, 0),
(73, 53, 2, 2, 2, 2.0, NULL, 15, 0),
(74, 53, 3, 3, 2, 4.0, NULL, 15, 0),
(75, 54, 8, 1, 1, 1.5, NULL, 8, 0),
(76, 54, 5, 2, 2, 1.5, NULL, 8, 0),
(77, 54, 4, 3, 2, 4.0, NULL, 8, 0),
(78, 55, 8, 1, 1, 1.5, NULL, 14, 0),
(79, 55, 6, 3, 2, 4.0, NULL, 14, 0),
(80, 56, 10, 1, 1, 1.5, NULL, 16, 0),
(81, 56, 6, 2, 2, 1.5, NULL, 16, 0),
(82, 56, 3, 3, 2, 4.0, NULL, 16, 0),
(83, 56, 1, 3, 3, 4.0, NULL, 16, 0),
(84, 46, 7, 1, 1, 1.5, NULL, 15, 0),
(85, 46, 9, 2, 2, 1.5, NULL, 15, 0),
(86, 46, 4, 3, 3, 4.0, NULL, 15, 0),
(87, 47, 9, 1, 1, 1.5, NULL, 16, 0),
(88, 47, 10, 2, 2, 1.5, NULL, 16, 0),
(89, 47, 3, 3, 3, 4.0, NULL, 16, 0),
(90, 13, 1, 4, 1, 1.5, NULL, 18, 0),
(91, 61, 1, 4, 1, 1.5, NULL, 18, 0),
(92, 1, 4, 1, 1, 1.5, 14, 14, 0),
(93, 1, 6, 2, 2, 1.5, 14, 14, 0),
(94, 36, 4, 1, 1, 1.5, 17, 17, 1),
(95, 36, 6, 2, 2, 1.5, 17, 17, 1),
(96, 36, 4, 3, 3, 3.0, 17, 17, 1),
(97, 1, 6, 3, 3, 2.0, 14, 14, 1),
(98, 1, 2, 4, 1, 1.5, 14, 14, 0),
(99, 43, 4, 1, 1, 1.5, 6, 43, 1),
(100, 43, 4, 2, 2, 1.5, 6, 6, 1),
(101, 43, 7, 3, 3, 4.0, 6, 6, 1),
(102, 178, 3, 3, 3, 4.0, 65, 65, 1),
(103, 179, 4, 3, 3, 4.0, NULL, 18, 1),
(104, 20, 6, 2, 2, 1.5, NULL, 19, 1),
(105, 20, 5, 3, 3, 4.0, NULL, 19, 1),
(106, 20, 5, 1, 1, 1.5, NULL, 19, 1),
(109, 22, 4, 1, 1, 2.0, NULL, 18, 1),
(110, 22, 8, 3, 3, 4.0, NULL, 18, 1),
(111, 26, 2, 1, 1, 1.5, NULL, 16, 1),
(112, 26, 6, 2, 2, 1.5, NULL, 16, 1),
(113, 26, 6, 3, 3, 4.0, NULL, 16, 1);

--
-- Déchargement des données de la table `MAQUETTE_module_sequence`
--

INSERT INTO `MAQUETTE_module_sequence` (`id_module_sequence`, `id_module_sequencage`, `numero_ordre`, `commentaire`) VALUES
(1, 1, 1, 'Modèle E/A'),
(2, 1, 2, 'Modèle Relationnel ; du modèle E/A au modèle Relationnel'),
(3, 1, 3, 'Algèbre Relationnelle'),
(4, 2, 1, 'Modèle E/A ; du modèle E/A au modèle Relationnel ; modèle Relationnel'),
(5, 2, 2, 'Modèle Relationnel ; Algèbre Relationnelle'),
(6, 2, 3, 'Modèle Relationnel ; du Modèle Relationnel au modèle E/A ; Algèbre Relationnelle étendue'),
(7, 3, 1, 'TP DVD'),
(8, 3, 2, 'TP Modif DVD'),
(9, 3, 3, 'Exam TP'),
(10, 4, 1, 'Qualité de la donnée'),
(11, 4, 2, 'Qualité de la donnée'),
(12, 5, 1, 'Qualité de la donnée'),
(13, 5, 2, 'Qualité de la donnée'),
(14, 6, 1, 'Qualité de la donnée'),
(15, 4, 3, 'Introduction à la qualité logicielle'),
(16, 4, 4, 'Introduction au test'),
(17, 5, 3, 'Introduction au test'),
(18, 5, 4, 'Introduction au test'),
(19, 5, 5, 'Introduction au test (Salle Info)'),
(20, 6, 2, 'Introduction au test (Salle Info)'),
(21, 4, 5, 'Smell code et refactoring'),
(22, 5, 6, 'Smell code et refactoring'),
(23, 4, 6, 'Intégration continue Projet'),
(24, 4, 7, 'Intégration continue Projet (Salle Info)'),
(25, 5, 7, 'Intégration continue Projet (Salle Info)'),
(26, 5, 8, 'Intégration continue Projet (Salle Info)'),
(27, 7, 3, 'Intégration continue Projet (Salle Info)'),
(28, 7, 4, 'Intégration continue Projet (Salle Info)'),
(29, 8, 1, 'Théorie et représentation des graphes et arborescences'),
(30, 8, 2, 'Primitives et parcours des arborescences'),
(31, 8, 3, 'Arbres N-aires et parcours, ABR, construction et recherche'),
(32, 8, 4, 'Algorithmes de graphes'),
(33, 8, 5, 'Langage, lexique et automates à états finis'),
(34, 8, 6, 'Grammaires, interprétation et compilation'),
(35, 8, 7, 'Surprise'),
(36, 8, 8, 'Exam'),
(37, 9, 1, 'Terminologie des graphes, arbres et arborescences'),
(38, 9, 2, 'Représentation des graphes arbres et arborescences'),
(39, 9, 3, 'Primitives d’arborescences'),
(40, 9, 4, 'Parcours des arborescences'),
(41, 9, 5, 'Arbres N-aires et parcours, ABR, construction et recherche'),
(42, 9, 6, 'Algorithmes de graphes'),
(44, 9, 7, 'Langage, lexique et automates à états finis'),
(45, 9, 8, 'Grammaires, interprétation et compilation'),
(46, 10, 1, 'Arborescences génériques'),
(47, 10, 2, 'ABR'),
(48, 10, 3, 'Ordonnancement de tâches : Graphes orientés acycliques (DAG)'),
(49, 10, 4, 'Parler l\'Idule (langue des IDU) : conception d\'un langage'),
(50, 11, 1, ''),
(51, 11, 2, NULL),
(52, 11, 3, NULL),
(53, 12, 4, NULL),
(54, 11, 5, NULL),
(55, 11, 6, NULL),
(56, 11, 7, NULL),
(57, 12, 8, NULL),
(58, 11, 9, NULL),
(59, 13, 10, NULL),
(60, 13, 11, NULL),
(61, 11, 12, NULL),
(62, 14, 1, NULL),
(63, 14, 2, NULL),
(64, 14, 3, NULL),
(65, 14, 4, NULL),
(66, 14, 5, NULL),
(67, 14, 6, NULL),
(68, 14, 7, NULL),
(69, 15, 8, NULL),
(70, 16, 1, 'Logique des propositions'),
(71, 16, 2, 'Logique des propositions'),
(72, 16, 3, 'Logique des prédicats'),
(73, 16, 4, 'Logique des prédicats'),
(74, 16, 5, 'De la logique à Prolog'),
(75, 16, 6, 'De la logique à Prolog'),
(76, 16, 7, 'Exam'),
(77, 17, 1, 'Logique des propositions'),
(78, 17, 2, 'Logique des propositions'),
(79, 17, 3, 'Logique des prédicats'),
(80, 17, 4, 'Logique des prédicats'),
(81, 17, 5, 'De la logique à Prolog'),
(82, 17, 6, 'Surprise'),
(83, 17, 7, 'Surprise'),
(86, 18, 1, NULL),
(87, 18, 2, NULL),
(88, 18, 3, NULL),
(89, 18, 4, NULL),
(90, 18, 5, NULL),
(91, 19, 1, NULL),
(92, 19, 2, NULL),
(93, 19, 3, NULL),
(94, 19, 4, NULL),
(95, 19, 5, NULL),
(96, 19, 6, NULL),
(97, 19, 7, NULL),
(98, 19, 8, NULL),
(99, 20, 1, NULL),
(100, 21, 2, NULL),
(101, 21, 3, NULL),
(102, 21, 4, NULL),
(103, 21, 5, NULL),
(104, 21, 6, NULL),
(105, 21, 7, NULL),
(106, 21, 8, NULL),
(107, 21, 9, NULL),
(108, 21, 10, NULL),
(109, 22, 1, NULL),
(110, 22, 2, NULL),
(111, 22, 3, NULL),
(112, 22, 4, NULL),
(113, 22, 5, NULL),
(114, 22, 6, NULL),
(115, 22, 7, NULL),
(122, 23, 1, NULL),
(123, 23, 2, NULL),
(124, 23, 3, NULL),
(125, 23, 4, NULL),
(126, 23, 5, NULL),
(127, 23, 6, NULL),
(128, 24, 1, NULL),
(129, 24, 2, NULL),
(130, 24, 3, NULL),
(131, 24, 4, NULL),
(132, 25, 1, NULL),
(133, 25, 2, NULL),
(134, 25, 3, NULL),
(135, 25, 4, NULL),
(136, 25, 5, NULL),
(137, 25, 6, NULL),
(138, 25, 7, NULL),
(139, 25, 8, NULL),
(140, 25, 9, NULL),
(141, 26, 1, NULL),
(142, 26, 2, NULL),
(143, 26, 3, NULL),
(144, 26, 4, NULL),
(145, 26, 5, NULL),
(146, 26, 6, NULL),
(147, 26, 7, NULL),
(148, 26, 8, NULL),
(149, 26, 9, NULL),
(150, 26, 10, NULL),
(151, 26, 11, NULL),
(152, 26, 12, NULL),
(153, 26, 13, NULL),
(154, 26, 14, NULL),
(155, 26, 15, NULL),
(156, 27, 1, NULL),
(159, 28, 1, 'Hadoop'),
(160, 28, 2, 'Sparq'),
(161, 28, 3, 'Asure fonction'),
(164, 29, 1, 'Hadoop'),
(165, 29, 2, 'Sparq'),
(166, 29, 3, 'Asure fonction'),
(167, 30, 1, NULL),
(185, 30, 2, NULL),
(186, 31, 1, NULL),
(187, 30, 3, NULL),
(188, 31, 2, NULL),
(189, 32, 1, NULL),
(190, 33, 1, NULL),
(191, 33, 2, NULL),
(192, 32, 2, NULL),
(193, 30, 4, NULL),
(194, 31, 3, NULL),
(195, 30, 5, NULL),
(196, 31, 4, NULL),
(197, 32, 3, NULL),
(198, 33, 3, NULL),
(199, 33, 4, NULL),
(200, 32, 4, NULL),
(201, 34, 1, NULL),
(202, 35, 1, NULL),
(203, 36, 1, NULL),
(204, 35, 2, NULL),
(205, 36, 2, NULL),
(206, 37, 1, NULL),
(207, 35, 3, NULL),
(208, 36, 3, NULL),
(209, 35, 4, NULL),
(210, 36, 4, NULL),
(211, 37, 2, NULL),
(212, 36, 5, NULL),
(213, 35, 5, NULL),
(214, 35, 6, NULL),
(215, 36, 6, NULL),
(216, 37, 3, NULL),
(217, 38, 2, NULL),
(218, 39, 9, NULL),
(219, 40, 1, NULL),
(239, 40, 2, NULL),
(240, 40, 3, NULL),
(241, 40, 4, NULL),
(242, 40, 5, NULL),
(243, 40, 6, NULL),
(244, 40, 7, NULL),
(245, 41, 1, NULL),
(246, 41, 2, NULL),
(247, 41, 3, NULL),
(248, 41, 4, NULL),
(249, 41, 5, NULL),
(250, 41, 6, NULL),
(251, 41, 7, NULL),
(252, 41, 8, NULL),
(253, 41, 9, NULL),
(254, 42, 1, NULL),
(255, 42, 2, NULL),
(256, 42, 3, NULL),
(257, 43, 1, NULL),
(258, 44, 1, NULL),
(259, 44, 2, NULL),
(260, 45, 1, NULL),
(261, 45, 2, NULL),
(262, 46, 1, NULL),
(263, 46, 2, NULL),
(264, 44, 3, NULL),
(265, 44, 4, NULL),
(266, 45, 3, NULL),
(267, 45, 4, NULL),
(268, 46, 3, NULL),
(269, 44, 5, NULL),
(270, 45, 5, NULL),
(271, 46, 4, NULL),
(272, 46, 5, NULL),
(273, 46, 6, NULL),
(274, 47, 2, NULL),
(275, 48, 1, NULL),
(276, 48, 2, NULL),
(277, 49, 1, NULL),
(278, 49, 2, NULL),
(279, 50, 1, NULL),
(280, 48, 3, NULL),
(281, 48, 4, NULL),
(282, 49, 3, NULL),
(283, 49, 4, NULL),
(284, 50, 2, NULL),
(285, 48, 5, NULL),
(286, 48, 6, NULL),
(287, 49, 5, NULL),
(288, 49, 6, NULL),
(289, 50, 3, NULL),
(290, 48, 7, NULL),
(291, 48, 8, NULL),
(292, 49, 7, NULL),
(293, 49, 8, NULL),
(294, 50, 4, NULL),
(295, 51, 1, NULL),
(296, 52, 1, NULL),
(297, 51, 2, NULL),
(298, 53, 1, NULL),
(299, 51, 3, NULL),
(300, 52, 2, NULL),
(301, 51, 4, NULL),
(302, 53, 2, NULL),
(303, 52, 3, NULL),
(304, 52, 4, NULL),
(305, 53, 3, NULL),
(306, 53, 4, NULL),
(307, 52, 5, NULL),
(308, 51, 5, NULL),
(309, 53, 5, NULL),
(310, 52, 6, NULL),
(311, 54, 1, NULL),
(312, 55, 1, NULL),
(313, 54, 2, NULL),
(314, 55, 2, NULL),
(315, 56, 1, NULL),
(316, 54, 3, NULL),
(317, 55, 3, NULL),
(318, 54, 4, NULL),
(319, 55, 4, NULL),
(320, 56, 2, NULL),
(321, 54, 5, NULL),
(322, 55, 5, NULL),
(323, 54, 6, NULL),
(324, 55, 6, NULL),
(325, 56, 3, NULL),
(326, 54, 7, NULL),
(327, 55, 7, NULL),
(328, 54, 8, NULL),
(329, 55, 8, NULL),
(330, 56, 4, NULL),
(331, 57, 1, NULL),
(332, 58, 1, NULL),
(333, 57, 2, NULL),
(334, 58, 2, NULL),
(335, 58, 3, NULL),
(336, 59, 1, NULL),
(337, 58, 4, NULL),
(338, 59, 2, NULL),
(339, 58, 5, NULL),
(340, 58, 6, NULL),
(341, 59, 3, NULL),
(342, 57, 3, NULL),
(343, 58, 7, NULL),
(344, 57, 4, NULL),
(345, 58, 8, NULL),
(346, 59, 4, NULL),
(347, 59, 5, NULL),
(348, 60, 1, NULL),
(349, 61, 2, NULL),
(350, 61, 3, NULL),
(351, 61, 4, NULL),
(352, 61, 5, NULL),
(353, 61, 6, NULL),
(354, 61, 7, NULL),
(355, 61, 8, NULL),
(356, 61, 9, NULL),
(357, 61, 10, NULL),
(358, 60, 11, NULL),
(359, 62, 1, NULL),
(360, 62, 2, NULL),
(361, 62, 3, NULL),
(362, 63, 1, NULL),
(363, 63, 2, NULL),
(364, 62, 4, NULL),
(365, 62, 5, NULL),
(366, 62, 6, NULL),
(367, 63, 3, NULL),
(368, 63, 4, NULL),
(369, 63, 5, NULL),
(370, 62, 7, NULL),
(371, 63, 6, NULL),
(372, 62, 8, NULL),
(413, 64, 1, NULL),
(414, 64, 2, NULL),
(415, 65, 1, NULL),
(416, 64, 3, NULL),
(417, 64, 4, NULL),
(418, 65, 2, NULL),
(419, 64, 5, NULL),
(420, 65, 3, NULL),
(421, 64, 6, NULL),
(422, 65, 4, NULL),
(423, 65, 5, NULL),
(424, 64, 7, NULL),
(425, 65, 6, NULL),
(426, 64, 8, NULL),
(427, 65, 7, NULL),
(428, 66, 1, NULL),
(429, 66, 2, NULL),
(430, 67, 3, NULL),
(431, 64, 9, NULL),
(432, 66, 4, NULL),
(433, 68, 1, NULL),
(434, 69, 1, NULL),
(435, 68, 2, NULL),
(436, 69, 2, NULL),
(437, 68, 3, NULL),
(438, 69, 3, NULL),
(439, 68, 4, NULL),
(440, 69, 4, NULL),
(441, 70, 1, NULL),
(442, 70, 2, NULL),
(443, 70, 3, NULL),
(444, 70, 4, NULL),
(445, 70, 5, NULL),
(446, 70, 6, NULL),
(447, 71, 1, NULL),
(448, 72, 1, NULL),
(449, 72, 2, NULL),
(450, 73, 1, NULL),
(451, 73, 2, NULL),
(452, 74, 1, NULL),
(453, 74, 2, NULL),
(454, 74, 3, NULL),
(456, 75, 1, NULL),
(457, 75, 2, NULL),
(458, 76, 1, NULL),
(459, 75, 3, NULL),
(460, 76, 2, NULL),
(461, 75, 4, NULL),
(462, 76, 3, NULL),
(463, 75, 5, NULL),
(464, 76, 4, NULL),
(465, 75, 6, NULL),
(466, 76, 5, NULL),
(467, 77, 1, NULL),
(468, 77, 2, NULL),
(469, 77, 3, NULL),
(470, 77, 4, NULL),
(471, 75, 7, NULL),
(472, 75, 8, NULL),
(473, 78, 1, NULL),
(474, 78, 2, NULL),
(475, 79, 1, NULL),
(476, 78, 3, NULL),
(477, 78, 4, NULL),
(478, 78, 5, NULL),
(479, 78, 6, NULL),
(480, 79, 2, NULL),
(481, 79, 3, NULL),
(482, 79, 4, NULL),
(483, 79, 5, NULL),
(484, 79, 6, NULL),
(485, 78, 7, NULL),
(486, 78, 8, NULL),
(487, 80, 1, NULL),
(488, 80, 2, NULL),
(489, 81, 1, NULL),
(490, 80, 3, NULL),
(491, 80, 4, NULL),
(492, 81, 2, NULL),
(493, 80, 5, NULL),
(494, 80, 6, NULL),
(495, 81, 3, NULL),
(496, 80, 7, NULL),
(497, 80, 8, NULL),
(498, 81, 4, NULL),
(499, 80, 9, NULL),
(500, 80, 10, NULL),
(501, 81, 5, NULL),
(502, 81, 6, NULL),
(503, 82, 1, NULL),
(504, 82, 2, NULL),
(505, 82, 3, NULL),
(506, 83, 4, NULL),
(507, 84, 1, NULL),
(508, 85, 1, NULL),
(509, 84, 2, NULL),
(510, 85, 2, NULL),
(511, 84, 3, NULL),
(512, 85, 3, NULL),
(513, 86, 1, NULL),
(514, 84, 4, NULL),
(515, 85, 4, NULL),
(516, 84, 5, NULL),
(517, 85, 5, NULL),
(518, 84, 6, NULL),
(519, 85, 6, NULL),
(520, 84, 7, NULL),
(521, 85, 7, NULL),
(522, 86, 2, NULL),
(523, 86, 3, NULL),
(524, 85, 8, NULL),
(525, 86, 4, NULL),
(526, 85, 9, NULL),
(549, 87, 1, NULL),
(550, 88, 1, NULL),
(551, 87, 2, NULL),
(552, 88, 2, NULL),
(553, 87, 3, NULL),
(554, 88, 3, NULL),
(555, 87, 4, NULL),
(556, 88, 4, NULL),
(557, 89, 1, NULL),
(558, 87, 5, NULL),
(559, 88, 5, NULL),
(560, 87, 6, NULL),
(561, 88, 6, NULL),
(562, 87, 7, NULL),
(563, 87, 8, NULL),
(564, 88, 7, NULL),
(565, 88, 8, NULL),
(566, 87, 9, NULL),
(567, 88, 9, NULL),
(568, 88, 10, NULL),
(569, 89, 2, NULL),
(570, 89, 3, NULL),
(571, 90, 1, ''),
(572, 28, 4, NULL),
(573, 28, 5, NULL),
(574, 91, 1, NULL),
(578, 92, 1, 'Test double'),
(579, 93, 1, 'aa'),
(580, 7, 2, NULL),
(581, 7, 1, NULL),
(582, 11, 8, NULL),
(583, 11, 4, NULL),
(584, 12, 2, NULL),
(585, 12, 1, NULL),
(586, 13, 2, NULL),
(587, 13, 1, NULL),
(588, 15, 1, NULL),
(589, 21, 1, NULL),
(590, 38, 1, NULL),
(591, 39, 1, NULL),
(592, 47, 1, NULL),
(593, 60, 2, NULL),
(594, 61, 1, NULL),
(595, 66, 3, NULL),
(596, 67, 1, NULL),
(597, 83, 1, NULL),
(598, 94, 4, NULL),
(599, 94, 3, NULL),
(600, 94, 2, NULL),
(601, 94, 1, NULL),
(602, 95, 6, NULL),
(603, 95, 5, NULL),
(604, 95, 4, NULL),
(605, 95, 3, NULL),
(606, 95, 2, NULL),
(607, 95, 1, NULL),
(608, 96, 4, NULL),
(609, 96, 3, NULL),
(610, 96, 2, NULL),
(611, 96, 1, NULL),
(643, 92, 4, NULL),
(644, 92, 3, NULL),
(645, 92, 2, NULL),
(646, 93, 6, NULL),
(647, 93, 5, NULL),
(648, 93, 4, NULL),
(649, 93, 3, NULL),
(650, 93, 2, NULL),
(651, 97, 6, NULL),
(652, 97, 5, NULL),
(653, 97, 4, NULL),
(654, 97, 3, NULL),
(655, 97, 2, NULL),
(656, 97, 1, NULL),
(657, 98, 2, NULL),
(658, 98, 1, NULL),
(674, 99, 4, NULL),
(675, 99, 3, NULL),
(676, 99, 2, NULL),
(677, 99, 1, NULL),
(678, 100, 4, NULL),
(679, 100, 3, NULL),
(680, 100, 2, NULL),
(681, 100, 1, NULL),
(682, 101, 7, NULL),
(683, 101, 6, NULL),
(684, 101, 5, NULL),
(685, 101, 4, NULL),
(686, 101, 3, NULL),
(687, 101, 2, NULL),
(688, 101, 1, NULL),
(689, 22, 8, NULL),
(690, 23, 7, NULL),
(692, 102, 1, NULL),
(693, 102, 2, NULL),
(694, 102, 3, NULL),
(695, 103, 1, NULL),
(696, 103, 2, NULL),
(697, 103, 3, NULL),
(698, 103, 4, NULL),
(704, 104, 6, NULL),
(705, 104, 5, NULL),
(706, 104, 4, NULL),
(707, 104, 3, NULL),
(708, 104, 2, NULL),
(709, 104, 1, NULL),
(711, 105, 5, NULL),
(712, 105, 4, NULL),
(713, 105, 3, NULL),
(714, 105, 2, NULL),
(715, 105, 1, NULL),
(718, 106, 5, NULL),
(719, 106, 4, NULL),
(720, 106, 3, NULL),
(721, 106, 2, NULL),
(722, 106, 1, NULL),
(733, 109, 4, NULL),
(734, 109, 3, NULL),
(735, 109, 2, NULL),
(736, 109, 1, NULL),
(740, 110, 8, NULL),
(741, 110, 7, NULL),
(742, 110, 6, NULL),
(743, 110, 5, NULL),
(744, 110, 4, NULL),
(745, 110, 3, NULL),
(746, 110, 2, NULL),
(747, 110, 1, NULL),
(756, 111, 2, NULL),
(757, 111, 1, NULL),
(759, 112, 6, NULL),
(760, 112, 5, NULL),
(761, 112, 4, NULL),
(762, 112, 3, NULL),
(763, 112, 2, NULL),
(764, 112, 1, NULL),
(766, 113, 6, NULL),
(767, 113, 5, NULL),
(768, 113, 4, NULL),
(769, 113, 3, NULL),
(770, 113, 2, NULL),
(771, 113, 1, NULL);

--
-- Déchargement des données de la table `VIEW_check`
--

INSERT INTO `VIEW_check` (`id_view`, `sortIndex`, `name`, `group_of_views`, `request`) VALUES
(12, 6, 'Erreur de séquencage', 'Check', 'SELECT \r\n    `MAQUETTE_module`.`code_module`, \r\n    IFNULL(`hCM`,0) + IFNULL(`hTD`,0) + IFNULL(`hTP`,0) + IFNULL(`hTPTD`,0) + IFNULL(`hPROJ`,0) AS `hMCCC`, \r\n    `hCequenced`, \r\n    IFNULL(`hCM`,0) + IFNULL(`hTD`,0) + IFNULL(`hTP`,0) + IFNULL(`hTPTD`,0) + IFNULL(`hPROJ`,0) - `hCequenced` AS `Reste à planifier`\r\nFROM `MAQUETTE_module`\r\nJOIN `LNM_semestre` ON `LNM_semestre`.`id_semestre` = `MAQUETTE_module`.`id_semestre`\r\n  JOIN `learnagement`.`MAQUETE_module_as_learning_unit` ON `learnagement`.`MAQUETTE_module_as_learning_unit`.`id_module` = `learnagement`.`MAQUETTE_module`.`id_module`\r\n  JOIN `learnagement`.`MAQUETTE_learning_unit` ON `learnagement`.`MAQUETTE_learning_unit`.`id_learning_unit` = `learnagement`.`MAQUETTE_module_as_learning_unit`.`id_learning_unit`\r\n  JOIN `learnagement`.`LNM_promo` ON `learnagement`.`MAQUETTE_learning_unit`.`id_promo` = `learnagement`.`LNM_promo`.`id_promo`\r\n  JOIN `learnagement`.`LNM_statut` ON `learnagement`.`LNM_statut`.`id_statut` = `learnagement`.`LNM_promo`.`id_statut`\r\n  JOIN `learnagement`.`LNM_filiere` \r\n       ON `learnagement`.`LNM_filiere`.`id_filiere` = `learnagement`.`LNM_promo`.`id_filiere`\r\n  JOIN `learnagement`.`MAQUETTE_discipline`\r\n       ON `learnagement`.`MAQUETTE_discipline`.`id_discipline` = `learnagement`.`MAQUETTE_module`.`id_discipline`\r\nJOIN (\r\n    SELECT `code_module`, SUM(`duree_h`) as hCequenced\r\n    FROM `MAQUETTE_module_sequencage` \r\n    JOIN `MAQUETTE_module_sequence` ON `MAQUETTE_module_sequence`.id_module_sequencage = `MAQUETTE_module_sequencage`.id_module_sequencage\r\n    JOIN `MAQUETTE_module` ON `MAQUETTE_module`.`id_module` = `MAQUETTE_module_sequencage`.`id_module`\r\n    GROUP BY `code_module`) sequenced ON  sequenced.`code_module` = `MAQUETTE_module`.`code_module`\r\nWHERE 1;'),
(14, 6, 'Surcharge IDU FISEA', 'Check', 'SELECT MAQUETTE_discipline.nom, sum(Module_Supp_IDU_FISEA_FISE.hCM) as hCM, sum(Module_Supp_IDU_FISEA_FISE.hTD) as hTD, 2 * sum(Module_Supp_IDU_FISEA_FISE.hTP) as hTP, sum(Module_Supp_IDU_FISEA_FISE.hTPTD) as hTPTD, ifnull(sum(Module_Supp_IDU_FISEA_FISE.hCM),0)+ifnull(sum(Module_Supp_IDU_FISEA_FISE.hTD),0)+2 * ifnull(sum(Module_Supp_IDU_FISEA_FISE.hTP),0)+ifnull(sum(Module_Supp_IDU_FISEA_FISE.hTPTD),0) as hSup\r\nfrom Module_Supp_IDU_FISEA_FISE \r\nJOIN `learnagement`.`LNM_semestre` ON `learnagement`.`LNM_semestre`.`id_semestre` = Module_Supp_IDU_FISEA_FISE.`id_semestre` \r\nJOIN `learnagement`.`MAQUETTE_discipline` ON `learnagement`.`MAQUETTE_discipline`.`id_discipline` = Module_Supp_IDU_FISEA_FISE.`id_discipline` \r\nJOIN `learnagement`.`MAQUETTE_module_as_learning_unit` ON Module_Supp_IDU_FISEA_FISE.`id_module` = `learnagement`.`MAQUETTE_module_as_learning_unit`.`id_module`\r\nJoin `learnagement`.`MAQUETTE_module` ON `learnagement`.`MAQUETTE_module`.`id_module` = `learnagement`.`MAQUETTE_module_as_learning_unit`.`id_module`\r\nJOIN `learnagement`.`MAQUETTE_learning_unit` ON `learnagement`.`MAQUETTE_module_as_learning_unit`.`id_learning_unit` = `learnagement`.`MAQUETTE_learning_unit`.`id_learning_unit` \r\nJOIN `learnagement`.`LNM_promo` ON `learnagement`.`MAQUETTE_learning_unit`.`id_promo` = `learnagement`.`LNM_promo`.`id_promo` \r\nJOIN `learnagement`.`LNM_filiere` ON `learnagement`.`LNM_filiere`.`id_filiere` = `learnagement`.`LNM_promo`.`id_filiere` \r\nJOIN `LNM_statut` ON `LNM_statut`.`id_statut` = `LNM_promo`.`id_statut` \r\nLEFT OUTER JOIN `learnagement`.`LNM_enseignant` ON Module_Supp_IDU_FISEA_FISE.`id_responsable` = `learnagement`.`LNM_enseignant`.`id_enseignant` \r\nWHERE `learnagement`.`LNM_filiere`.`nom_filiere` = \"IDU\" and `LNM_statut`.nom_statut =\"FISEA\" and 1\r\nGROUP BY MAQUETTE_discipline.nom;');

--
-- Déchargement des données de la table `VIEW_display`
--

INSERT INTO `VIEW_display` (`id_view`, `sortIndex`, `name`, `group_of_views`, `request`) VALUES
(3, 40, 'resposabilite', 'Module', 'SELECT \r\n  CONCAT(`LNM_enseignant`.`prenom`,\' \',`LNM_enseignant`.`nom`) AS `responsable`,\r\n  COUNT(`MAQUETTE_module`.`id_module`) AS `responsabilite`,\r\n  GROUP_CONCAT(distinct `MAQUETTE_module`.`code_module` separator \', \') AS `modules` \r\nFROM \r\n  `LNM_enseignant` \r\n  JOIN `MAQUETTE_module` \r\n       ON `MAQUETTE_module`.`id_responsable` = `LNM_enseignant`.`id_enseignant` \r\n  \r\n  JOIN `MAQUETTE_module_as_learning_unit` ON `MAQUETTE_module_as_learning_unit`.`id_module` = `MAQUETTE_module`.`id_module`\r\n  JOIN `MAQUETTE_learning_unit` ON `MAQUETTE_learning_unit`.`id_learning_unit` = `MAQUETTE_module_as_learning_unit`.`id_learning_unit`\r\n  JOIN `LNM_promo` ON `MAQUETTE_learning_unit`.`id_promo` = `LNM_promo`.`id_promo`\r\n  JOIN `LNM_statut` ON `LNM_statut`.`id_statut` = `LNM_promo`.`id_statut`\r\n  JOIN `LNM_filiere` \r\n       ON `LNM_filiere`.`id_filiere` = `LNM_promo`.`id_filiere`\r\n  JOIN `LNM_semestre` \r\n       ON `LNM_semestre`.`id_semestre` = `MAQUETTE_module`.`id_semestre`\r\n  JOIN `MAQUETTE_discipline`\r\n       ON `MAQUETTE_discipline`.`id_discipline` = `MAQUETTE_module`.`id_discipline`\r\nWHERE 1\r\nGROUP BY `LNM_enseignant`.`nom`, `LNM_enseignant`.`prenom`;'),
(4, 40, 'MCCC par module', 'Module', 'SELECT \r\n`MAQUETTE_module`.`code_module` AS `code_module`, \r\n`MAQUETTE_module`.`nom` AS `nom`, \r\n`MAQUETTE_module`.`ECTS` AS `ECTS`, \r\ngroup_concat(`MAQUETTE_learning_unit`.`learning_unit_code` separator \', \') AS `UE`, \r\ngroup_concat(`LNM_filiere`.`nom_filiere` separator \', \') AS `filieres`, \r\n`MAQUETTE_module`.`hCM` AS `hCM`, \r\n`MAQUETTE_module`.`hTD` AS `hTD`, \r\n`MAQUETTE_module`.`hTP` AS `hTP`, \r\n`MAQUETTE_module`.`hTPTD` AS `hTPTD`, \r\nifnull(`MAQUETTE_module`.`hCM`, 0) + ifnull(`MAQUETTE_module`.`hTD`, 0) + ifnull(`MAQUETTE_module`.`hTP`, 0) + ifnull(`MAQUETTE_module`.`hTPTD`, 0) AS `hTE`,\r\nround((ifnull(`MAQUETTE_module`.`hCM`, 0) + ifnull(`MAQUETTE_module`.`hTD`, 0) + ifnull(`MAQUETTE_module`.`hTP`, 0) + ifnull(`MAQUETTE_module`.`hTPTD`, 0)) / `ECTS`, 2) AS `hTE/ECTS`,\r\nround(`ECTS` / (ifnull(`MAQUETTE_module`.`hCM`, 0) + ifnull(`MAQUETTE_module`.`hTD`, 0) + ifnull(`MAQUETTE_module`.`hTP`, 0) + ifnull(`MAQUETTE_module`.`hTPTD`, 0)), 2) AS `ECTS/hTE`,\r\n`MAQUETTE_module`.`hPROJ` AS `hPROJ`, \r\n`MAQUETTE_module`.`hPersonnelle` AS `hPersonnelle`, \r\nconcat(`LNM_enseignant`.`prenom`,\' \',`LNM_enseignant`.`nom`) AS `responsable`, \r\n`MAQUETTE_module`.`commentaire` AS `commentaire` \r\nFROM `MAQUETTE_module` \r\nJOIN `LNM_semestre` ON `LNM_semestre`.`id_semestre` = `MAQUETTE_module`.`id_semestre` \r\nJOIN `MAQUETTE_discipline` ON `MAQUETTE_discipline`.`id_discipline` = `MAQUETTE_module`.`id_discipline` \r\nJOIN `MAQUETTE_module_as_learning_unit` ON `MAQUETTE_module`.`id_module` = `MAQUETTE_module_as_learning_unit`.`id_module` \r\nJOIN `MAQUETTE_learning_unit` ON `MAQUETTE_module_as_learning_unit`.`id_learning_unit` = `MAQUETTE_learning_unit`.`id_learning_unit` \r\nJOIN `LNM_promo` ON `MAQUETTE_learning_unit`.`id_promo` = `LNM_promo`.`id_promo` \r\nJOIN `LNM_filiere` ON `LNM_filiere`.`id_filiere` = `LNM_promo`.`id_filiere` \r\nJOIN `LNM_statut` ON `LNM_statut`.`id_statut` = `LNM_promo`.`id_statut` \r\nLEFT OUTER JOIN `LNM_enseignant` ON `MAQUETTE_module`.`id_responsable` = `LNM_enseignant`.`id_enseignant` \r\nWHERE 1\r\nGROUP BY `MAQUETTE_module`.`id_module`\r\nORDER BY UE, `MAQUETTE_module`.`code_module`;'),
(5, 30, 'répartition charge CM, TD...', 'Global', 'SELECT \r\n        SUM(`MAQUETTE_module`.`hCM`) AS `hCM`,\r\n        SUM(`MAQUETTE_module`.`hTD`) AS `hTD`,\r\n        SUM(`MAQUETTE_module`.`hTP`) AS `hTP`,\r\n        SUM(`MAQUETTE_module`.`hTPTD`) AS `hTPTD`,\r\n        SUM(`MAQUETTE_module`.`hPROJ`) AS `hPROJ`,\r\n        SUM(`MAQUETTE_module`.`hPersonnelle`) AS `hPersonnelle`,\r\n      (\r\n        SUM(`MAQUETTE_module`.`hCM`) + \r\n        SUM(`MAQUETTE_module`.`hTD`) + \r\n        SUM(`MAQUETTE_module`.`hTP`) + \r\n        SUM(`MAQUETTE_module`.`hTPTD`)\r\n      ) AS `heures filière`\r\n        \r\n    FROM `MAQUETTE_module` \r\nJOIN `LNM_semestre` ON `LNM_semestre`.`id_semestre` = `MAQUETTE_module`.`id_semestre` \r\nJOIN `MAQUETTE_discipline` ON `MAQUETTE_discipline`.`id_discipline` = `MAQUETTE_module`.`id_discipline` \r\nJOIN `MAQUETTE_module_as_learning_unit` ON `MAQUETTE_module`.`id_module` = `MAQUETTE_module_as_learning_unit`.`id_module` \r\nJOIN `MAQUETTE_learning_unit` ON `MAQUETTE_module_as_learning_unit`.`id_learning_unit` = `MAQUETTE_learning_unit`.`id_learning_unit` \r\nJOIN `LNM_promo` ON `MAQUETTE_learning_unit`.`id_promo` = `LNM_promo`.`id_promo` \r\nJOIN `LNM_filiere` ON `LNM_filiere`.`id_filiere` = `LNM_promo`.`id_filiere` \r\nJOIN `LNM_statut` ON `LNM_statut`.`id_statut` = `LNM_promo`.`id_statut` \r\nLEFT OUTER JOIN `LNM_enseignant` ON `MAQUETTE_module`.`id_responsable` = `LNM_enseignant`.`id_enseignant` \r\nWHERE 1;'),
(6, 30, 'Service disciplinaire', 'Global', 'SELECT SUM(`LNM_enseignant`.`service statutaire`) AS `service statutaire`,\r\n       SUM(`LNM_enseignant`.`service effectif`) AS `service avec décharge`\r\nFROM `LNM_enseignant`\r\nWHERE `LNM_enseignant`.`statut` = \'permanent\' \r\n    AND `LNM_enseignant`.`composante` = \'polytech\';'),
(7, 40, 'Charge en responsabilité', 'Module', 'SELECT\r\n  ( IFNULL(SUM((`MAQUETTE_module`.`hCM` * 1.5) * `LNM_promo`.`nbGroupeCM`), 0)\r\n    + IFNULL(SUM(`MAQUETTE_module`.`hTD` * `LNM_promo`.`nbGroupeTD`), 0)\r\n    + IFNULL(SUM(`MAQUETTE_module`.`hTP` * `LNM_promo`.`nbGroupeTP`), 0)\r\n    + IFNULL(SUM(`MAQUETTE_module`.`hTPTD` * `LNM_promo`.`nbGroupeTD`), 0)\r\n  ) AS `Heures enseignant`, \r\n  ( IFNULL(SUM(`MAQUETTE_module`.`hCM`), 0)\r\n    + IFNULL(SUM(`MAQUETTE_module`.`hTD`), 0)\r\n    + IFNULL(SUM(`MAQUETTE_module`.`hTP`), 0)\r\n    + IFNULL(SUM(`MAQUETTE_module`.`hTPTD`), 0)\r\n  ) AS `heures étudiant` \r\nFROM `MAQUETTE_module` \r\n  JOIN `LNM_semestre`                ON `LNM_semestre`.`id_semestre` = `MAQUETTE_module`.`id_semestre` \r\n  JOIN `MAQUETTE_discipline`              ON `MAQUETTE_discipline`.`id_discipline` = `MAQUETTE_module`.`id_discipline` \r\n  JOIN `MAQUETTE_module_as_learning_unit` ON `MAQUETTE_module`.`id_module` = `MAQUETTE_module_as_learning_unit`.`id_module` \r\n  JOIN `MAQUETTE_learning_unit`           ON `MAQUETTE_module_as_learning_unit`.`id_learning_unit` = `MAQUETTE_learning_unit`.`id_learning_unit` \r\n  JOIN `LNM_promo`                   ON `MAQUETTE_learning_unit`.`id_promo` = `LNM_promo`.`id_promo` \r\n  JOIN `LNM_filiere`                 ON `LNM_filiere`.`id_filiere` = `LNM_promo`.`id_filiere` \r\n  JOIN `LNM_statut`                  ON `LNM_statut`.`id_statut` = `LNM_promo`.`id_statut` \r\n  LEFT OUTER JOIN `LNM_enseignant`   ON `MAQUETTE_module`.`id_responsable` = `LNM_enseignant`.`id_enseignant` \r\nWHERE 1;'),
(8, 40, 'répartition seance', 'Module', 'SELECT `MAQUETTE_module`.`code_module`, \r\n       `LNM_enseignant`.`prenom`, \r\n       `LNM_seanceType`.`type`, \r\n       MAQUETTE_module_sequence.`numero_ordre`, \r\n       `LNM_groupe`.`nom_groupe`\r\nFROM `MAQUETTE_module`\r\nJOIN MAQUETTE_module_sequencage  ON MAQUETTE_module_sequencage.id_module = MAQUETTE_module.id_module\r\nJOIN MAQUETTE_module_sequence ON MAQUETTE_module_sequence.id_module_sequencage = MAQUETTE_module_sequencage.id_module_sequencage\r\nJOIN CLASS_session_to_be_affected ON CLASS_session_to_be_affected.id_module_sequence = MAQUETTE_module_sequence.id_module_sequence\r\nJOIN CLASS_session_to_be_affected_as_enseignant ON CLASS_session_to_be_affected.id_seance_to_be_affected = CLASS_session_to_be_affected_as_enseignant.id_seance_to_be_affected\r\nJOIN `LNM_enseignant` ON `CLASS_session_to_be_affected_as_enseignant`.`id_enseignant` = `LNM_enseignant`.`id_enseignant`\r\nJOIN `LNM_groupe` ON `CLASS_session_to_be_affected`.`id_groupe` = `LNM_groupe`.`id_groupe` \r\nJOIN `LNM_seanceType` ON `LNM_seanceType`.`id_seance_type` = MAQUETTE_module_sequencage.`id_seance_type`\r\nJOIN `MAQUETTE_module_as_learning_unit` ON `MAQUETTE_module_as_learning_unit`.`id_module` = `MAQUETTE_module`.`id_module`\r\nJOIN `MAQUETTE_learning_unit` ON `MAQUETTE_learning_unit`.`id_learning_unit` = `MAQUETTE_module_as_learning_unit`.`id_learning_unit`\r\nJOIN `LNM_promo` ON `MAQUETTE_learning_unit`.`id_promo` = `LNM_promo`.`id_promo`\r\nJOIN `LNM_statut` ON `LNM_statut`.`id_statut` = `LNM_promo`.`id_statut`\r\nJOIN `LNM_filiere` ON `LNM_filiere`.`id_filiere` = `LNM_promo`.`id_filiere`\r\nJOIN `LNM_semestre` ON `LNM_semestre`.`id_semestre` = `MAQUETTE_module`.`id_semestre`\r\nJOIN `MAQUETTE_discipline` ON `MAQUETTE_discipline`.`id_discipline` = `MAQUETTE_module`.`id_discipline`\r\nWHERE 1\r\nORDER BY `MAQUETTE_module`.`code_module`, \r\n         `LNM_seanceType`.`type`, \r\n         MAQUETTE_module_sequence.`numero_ordre`, \r\n         `LNM_groupe`.`nom_groupe`;'),
(9, 40, 'Dépendance de séances', 'Module', 'SELECT previousModule.`code_module` as \"module précédent\", \r\n       CONCAT(previousSeanceType.`type`, \r\n       previousSequences.`numero_ordre`) as \"séance précédente\",\r\n       nextModule.`code_module` as \"module suivant\", \r\n       CONCAT(nextSeanceType.`type`, \r\n       nextSequences.`numero_ordre`) as \"séance suivante\"\r\n\r\nFROM `MAQUETTE_dependance_sequence` \r\n\r\nJOIN `MAQUETTE_module_sequence` previousSequences \r\n    ON previousSequences.`id_module_sequence` = `MAQUETTE_dependance_sequence`.`id_sequence_prev` \r\nJOIN `MAQUETTE_module_sequencage` previousSequencages \r\n    ON previousSequencages.`id_module_sequencage` = previousSequences.`id_module_sequencage`\r\nJOIN `MAQUETTE_module` previousModule \r\n    ON previousModule.`id_module` = previousSequencages.`id_module` \r\nJOIN `LNM_seanceType` previousSeanceType\r\n    ON previousSeanceType.id_seance_type = previousSequencages.`id_seance_type`\r\n\r\nJOIN `MAQUETTE_module` \r\n    ON `MAQUETTE_module`.`id_module` = previousModule.`id_module`\r\nJOIN `LNM_semestre` \r\n    ON `LNM_semestre`.`id_semestre` = `MAQUETTE_module`.`id_semestre`\r\n\r\nJOIN `MAQUETTE_module_sequence` nextSequences \r\n    ON nextSequences.`id_module_sequence` = `MAQUETTE_dependance_sequence`.`id_sequence_next`  \r\nJOIN `MAQUETTE_module_sequencage` nextSequencages \r\n    ON nextSequencages.`id_module_sequencage` = nextSequences.`id_module_sequencage`\r\nJOIN `MAQUETTE_module` nextModule \r\n    ON nextModule.`id_module` = nextSequencages.`id_module` \r\nJOIN `LNM_seanceType` nextSeanceType\r\n    ON nextSeanceType.id_seance_type = nextSequencages.`id_seance_type`\r\n\r\nJOIN `MAQUETTE_module_as_learning_unit` ON `MAQUETTE_module_as_learning_unit`.`id_module` = `MAQUETTE_module`.`id_module`\r\n  JOIN `MAQUETTE_learning_unit` ON `MAQUETTE_learning_unit`.`id_learning_unit` = `MAQUETTE_module_as_learning_unit`.`id_learning_unit`\r\n  JOIN `LNM_promo` ON `MAQUETTE_learning_unit`.`id_promo` = `LNM_promo`.`id_promo`\r\n  JOIN `LNM_statut` ON `LNM_statut`.`id_statut` = `LNM_promo`.`id_statut`\r\n  JOIN `LNM_filiere` \r\n       ON `LNM_filiere`.`id_filiere` = `LNM_promo`.`id_filiere`\r\n  JOIN `MAQUETTE_discipline`\r\n       ON `MAQUETTE_discipline`.`id_discipline` = `MAQUETTE_module`.`id_discipline`\r\nWHERE 1;'),
(11, 30, 'resposabilités globales', 'Global', 'SELECT \r\n  CONCAT(enseignant.`prenom`,\' \',enseignant.`nom`) AS `responsable`,\r\n  COUNT(module.`id_module`) AS `responsabilite`,\r\n  GROUP_CONCAT(distinct module.`code_module` separator \', \') AS `modules` \r\nFROM \r\n  `LNM_enseignant` enseignant\r\n  JOIN `MAQUETTE_module` module ON module.`id_responsable` = enseignant.`id_enseignant` \r\nWHERE 1\r\nGROUP BY enseignant.`nom`, enseignant.`prenom`'),
(13, 50, 'MCCC par UE', 'UE', 'SELECT \r\nsum(`MAQUETTE_module`.`ECTS`) AS `ECTS`, \r\n`MAQUETTE_learning_unit`.`learning_unit_code` AS `UE`, \r\n`LNM_filiere`.`nom_filiere` AS `filieres`, \r\nsum(`MAQUETTE_module`.`hCM`) AS `hCM`, \r\nsum(`MAQUETTE_module`.`hTD`) AS `hTD`, \r\nsum(`MAQUETTE_module`.`hTP`) AS `hTP`, \r\nsum(`MAQUETTE_module`.`hTPTD`) AS `hTPTD`, \r\nsum(`MAQUETTE_module`.`hPROJ`) AS `hPROJ`, \r\nsum(`MAQUETTE_module`.`hPersonnelle`) AS `hPersonnelle`,\r\nifnull(sum(`MAQUETTE_module`.`hCM`), 0) + ifnull(sum(`MAQUETTE_module`.`hTD`), 0) + ifnull(sum(`MAQUETTE_module`.`hTP`), 0) + ifnull(sum(`MAQUETTE_module`.`hTPTD`), 0) AS `hTotale`\r\nFROM `MAQUETTE_module` \r\nJOIN `LNM_semestre` ON `LNM_semestre`.`id_semestre` = `MAQUETTE_module`.`id_semestre` \r\nJOIN `MAQUETTE_discipline` ON `MAQUETTE_discipline`.`id_discipline` = `MAQUETTE_module`.`id_discipline` \r\nJOIN `MAQUETTE_module_as_learning_unit` ON `MAQUETTE_module`.`id_module` = `MAQUETTE_module_as_learning_unit`.`id_module` \r\nJOIN `MAQUETTE_learning_unit` ON `MAQUETTE_module_as_learning_unit`.`id_learning_unit` = `MAQUETTE_learning_unit`.`id_learning_unit` \r\nJOIN `LNM_promo` ON `MAQUETTE_learning_unit`.`id_promo` = `LNM_promo`.`id_promo` \r\nJOIN `LNM_filiere` ON `LNM_filiere`.`id_filiere` = `LNM_promo`.`id_filiere` \r\nJOIN `LNM_statut` ON `LNM_statut`.`id_statut` = `LNM_promo`.`id_statut` \r\nLEFT OUTER JOIN `LNM_enseignant` ON `MAQUETTE_module`.`id_responsable` = `LNM_enseignant`.`id_enseignant` \r\nWHERE 1\r\nGROUP BY `MAQUETTE_learning_unit`.`learning_unit_code`, `LNM_filiere`.`nom_filiere`;'),
(15, 50, 'MCCC par Semestre', 'Semestre', 'SELECT \r\nsum(`MAQUETTE_module`.`ECTS`) AS `ECTS`, \r\n`LNM_semestre`.`id_semestre` AS `semestre`, \r\n`LNM_filiere`.`nom_filiere` AS `filiere`, \r\nsum(`MAQUETTE_module`.`hCM`) AS `hCM`, \r\nsum(`MAQUETTE_module`.`hTD`) AS `hTD`, \r\nsum(`MAQUETTE_module`.`hTP`) AS `hTP`, \r\nsum(`MAQUETTE_module`.`hTPTD`) AS `hTPTD`, \r\nsum(`MAQUETTE_module`.`hPROJ`) AS `hPROJ`, \r\nsum(`MAQUETTE_module`.`hPersonnelle`) AS `hPersonnelle`,\r\nifnull(sum(`MAQUETTE_module`.`hCM`), 0) + ifnull(sum(`MAQUETTE_module`.`hTD`), 0) + ifnull(sum(`MAQUETTE_module`.`hTP`), 0) + ifnull(sum(`MAQUETTE_module`.`hTPTD`), 0) AS `hTotale`\r\nFROM `MAQUETTE_module` \r\nJOIN `LNM_semestre` ON `LNM_semestre`.`id_semestre` = `MAQUETTE_module`.`id_semestre` \r\nJOIN `MAQUETTE_discipline` ON `MAQUETTE_discipline`.`id_discipline` = `MAQUETTE_module`.`id_discipline` \r\nJOIN `MAQUETTE_module_as_learning_unit` ON `MAQUETTE_module`.`id_module` = `MAQUETTE_module_as_learning_unit`.`id_module` \r\nJOIN `MAQUETTE_learning_unit` ON `MAQUETTE_module_as_learning_unit`.`id_learning_unit` = `MAQUETTE_learning_unit`.`id_learning_unit` \r\nJOIN `LNM_promo` ON `MAQUETTE_learning_unit`.`id_promo` = `LNM_promo`.`id_promo` \r\nJOIN `LNM_filiere` ON `LNM_filiere`.`id_filiere` = `LNM_promo`.`id_filiere` \r\nJOIN `LNM_statut` ON `LNM_statut`.`id_statut` = `LNM_promo`.`id_statut` \r\nLEFT OUTER JOIN `LNM_enseignant` ON `MAQUETTE_module`.`id_responsable` = `LNM_enseignant`.`id_enseignant` \r\nWHERE 1\r\nGROUP BY `LNM_semestre`.`id_semestre`, `LNM_filiere`.`nom_filiere`\r\nORDER BY `LNM_semestre`.`id_semestre`;'),
(16, 10, 'ECTS / h par module', 'Check', 'SELECT \r\n`MAQUETTE_module`.`code_module` AS `code_module`, \r\n`MAQUETTE_module`.`nom` AS `nom`, \r\n`MAQUETTE_module`.`ECTS` AS `ECTS`,\r\n`MAQUETTE_module`.`hCM` AS `hCM`, \r\n`MAQUETTE_module`.`hTD` AS `hTD`, \r\n`MAQUETTE_module`.`hTP` AS `hTP`, \r\n`MAQUETTE_module`.`hTPTD` AS `hTPTD`, \r\n`MAQUETTE_module`.`hPROJ` AS `hPROJ`, \r\n`MAQUETTE_module`.`hPersonnelle` AS `hPersonnelle`, \r\n`MAQUETTE_module`.`ECTS` / (ifnull(`MAQUETTE_module`.`hCM`, 0) + ifnull(`MAQUETTE_module`.`hTD`, 0) + ifnull(`MAQUETTE_module`.`hTP`, 0) + ifnull(`MAQUETTE_module`.`hTPTD`, 0)) AS `ECTS/h`\r\nFROM `MAQUETTE_module` \r\nJOIN `LNM_semestre` ON `LNM_semestre`.`id_semestre` = `MAQUETTE_module`.`id_semestre` \r\nJOIN `MAQUETTE_discipline` ON `MAQUETTE_discipline`.`id_discipline` = `MAQUETTE_module`.`id_discipline` \r\nJOIN `MAQUETTE_module_as_learning_unit` ON `MAQUETTE_module`.`id_module` = `MAQUETTE_module_as_learning_unit`.`id_module` \r\nJOIN `MAQUETTE_learning_unit` ON `MAQUETTE_module_as_learning_unit`.`id_learning_unit` = `MAQUETTE_learning_unit`.`id_learning_unit` \r\nJOIN `LNM_promo` ON `MAQUETTE_learning_unit`.`id_promo` = `LNM_promo`.`id_promo` \r\nJOIN `LNM_filiere` ON `LNM_filiere`.`id_filiere` = `LNM_promo`.`id_filiere` \r\nJOIN `LNM_statut` ON `LNM_statut`.`id_statut` = `LNM_promo`.`id_statut` \r\nLEFT OUTER JOIN `LNM_enseignant` ON `MAQUETTE_module`.`id_responsable` = `LNM_enseignant`.`id_enseignant` \r\nWHERE 1\r\nGROUP BY `MAQUETTE_module`.`id_module`\r\nORDER BY `MAQUETTE_module`.`code_module`;'),
(17, 10, 'Seances non affectées', 'Check', 'SELECT MAQUETTE_module.code_module, MAQUETTE_module.nom, concat(LNM_enseignant.prenom, \' \', LNM_enseignant.nom) as \"responsable\", COUNT(*) as \"nombre_de_seances\", LNM_seanceType.type, LNM_groupe.nom_groupe\r\nFROM \r\nMAQUETTE_module_sequencage\r\nJOIN MAQUETTE_module_sequence ON MAQUETTE_module_sequence.id_module_sequencage = MAQUETTE_module_sequencage.id_module_sequencage\r\nJOIN `CLASS_session_to_be_affected` ON CLASS_session_to_be_affected.id_module_sequence = MAQUETTE_module_sequence.id_module_sequence\r\nJOIN `CLASS_session_to_be_affected_as_enseignant` ON `CLASS_session_to_be_affected`.`id_seance_to_be_affected` = `CLASS_session_to_be_affected_as_enseignant`.`id_seance_to_be_affected`\r\nJOIN LNM_seanceType ON LNM_seanceType.id_seance_type = MAQUETTE_module_sequencage.id_seance_type\r\nJOIN LNM_groupe on LNM_groupe.id_groupe = CLASS_session_to_be_affected.id_groupe\r\nJOIN MAQUETTE_module ON MAQUETTE_module.id_module = MAQUETTE_module_sequencage.`id_module`\r\nJOIN LNM_enseignant ON LNM_enseignant.id_enseignant = MAQUETTE_module.id_responsable\r\nWHERE `CLASS_session_to_be_affected_as_enseignant`.`id_enseignant` IS NULL\r\nGROUP BY MAQUETTE_module.code_module, MAQUETTE_module.nom, LNM_enseignant.prenom, LNM_enseignant.nom, LNM_seanceType.type, LNM_groupe.nom_groupe\r\nORDER BY `MAQUETTE_module`.`code_module` ASC;'),
(18, 20, '2 Intervention par module', 'Enseignant', 'SELECT LNM_enseignant.prenom, LNM_enseignant.nom, MAQUETTE_module.code_module, \r\nSUM(case when LNM_seanceType.type = \"CM\" THEN MAQUETTE_module_sequencage.duree_h END) AS \"CM\",\r\nSUM(case when LNM_seanceType.type = \"TD\" THEN MAQUETTE_module_sequencage.duree_h END) AS \"TD\",\r\nSUM(case when LNM_seanceType.type = \"TP\" THEN MAQUETTE_module_sequencage.duree_h END) AS \"TP\"\r\nFROM `MAQUETTE_module` \r\nJOIN MAQUETTE_module_sequencage ON MAQUETTE_module_sequencage.id_module = MAQUETTE_module.id_module\r\nJOIN MAQUETTE_module_sequence ON MAQUETTE_module_sequence.id_module_sequencage = MAQUETTE_module_sequencage.id_module_sequencage\r\nJOIN CLASS_session_to_be_affected ON CLASS_session_to_be_affected.id_module_sequence = MAQUETTE_module_sequence.id_module_sequence\r\nJOIN LNM_groupe ON LNM_groupe.id_groupe = CLASS_session_to_be_affected.id_groupe\r\nJOIN CLASS_session_to_be_affected_as_enseignant ON CLASS_session_to_be_affected_as_enseignant.id_seance_to_be_affected = CLASS_session_to_be_affected.id_seance_to_be_affected\r\nJOIN LNM_enseignant ON LNM_enseignant.id_enseignant = CLASS_session_to_be_affected_as_enseignant.id_enseignant\r\nJOIN LNM_seanceType ON LNM_seanceType.id_seance_type = MAQUETTE_module_sequencage.id_seance_type\r\nWHERE 1\r\nGROUP BY LNM_enseignant.prenom, LNM_enseignant.nom, MAQUETTE_module.code_module \r\nORDER BY `LNM_enseignant`.`nom` DESC;'),
(19, 20, '3 Intervention par groupe', 'Enseignant', 'SELECT LNM_enseignant.prenom, LNM_enseignant.nom, MAQUETTE_module.code_module, LNM_groupe.nom_groupe,\r\nSUM(case when LNM_seanceType.type = \"CM\" THEN MAQUETTE_module_sequencage.duree_h END) AS \"CM\",\r\nSUM(case when LNM_seanceType.type = \"TD\" THEN MAQUETTE_module_sequencage.duree_h END) AS \"TD\",\r\nSUM(case when LNM_seanceType.type = \"TP\" THEN MAQUETTE_module_sequencage.duree_h END) AS \"TP\"\r\nFROM `MAQUETTE_module` \r\nJOIN MAQUETTE_module_sequencage ON MAQUETTE_module_sequencage.id_module = MAQUETTE_module.id_module\r\nJOIN MAQUETTE_module_sequence ON MAQUETTE_module_sequence.id_module_sequencage = MAQUETTE_module_sequencage.id_module_sequencage\r\nJOIN CLASS_session_to_be_affected ON CLASS_session_to_be_affected.id_module_sequence = MAQUETTE_module_sequence.id_module_sequence\r\nJOIN LNM_groupe ON LNM_groupe.id_groupe = CLASS_session_to_be_affected.id_groupe\r\nJOIN CLASS_session_to_be_affected_as_enseignant ON CLASS_session_to_be_affected_as_enseignant.id_seance_to_be_affected = CLASS_session_to_be_affected.id_seance_to_be_affected\r\nJOIN LNM_enseignant ON LNM_enseignant.id_enseignant = CLASS_session_to_be_affected_as_enseignant.id_enseignant\r\nJOIN LNM_seanceType ON LNM_seanceType.id_seance_type = MAQUETTE_module_sequencage.id_seance_type\r\nWHERE 1\r\nGROUP BY LNM_enseignant.prenom, LNM_enseignant.nom, MAQUETTE_module.code_module,  LNM_groupe.nom_groupe\r\nORDER BY LNM_groupe.nom_groupe, `LNM_enseignant`.`nom`;'),
(20, 10, 'Erreur de séquencage', 'Check', 'SELECT \r\n    `MAQUETTE_module`.`code_module`, \r\n    IFNULL(`hCM`,0) + IFNULL(`hTD`,0) + IFNULL(`hTP`,0) + IFNULL(`hTPTD`,0) + IFNULL(`hPROJ`,0) AS `hMCCC`, \r\n    `hCequenced`, \r\n    IFNULL(`hCM`,0) + IFNULL(`hTD`,0) + IFNULL(`hTP`,0) + IFNULL(`hTPTD`,0) + IFNULL(`hPROJ`,0) - `hCequenced` AS `Reste à planifier`\r\nFROM `MAQUETTE_module`\r\nJOIN `LNM_semestre` ON `LNM_semestre`.`id_semestre` = `MAQUETTE_module`.`id_semestre`\r\n  JOIN `MAQUETTE_module_as_learning_unit` ON `MAQUETTE_module_as_learning_unit`.`id_module` = `MAQUETTE_module`.`id_module`\r\n  JOIN `MAQUETTE_learning_unit` ON `MAQUETTE_learning_unit`.`id_learning_unit` = `MAQUETTE_module_as_learning_unit`.`id_learning_unit`\r\n  JOIN `LNM_promo` ON `MAQUETTE_learning_unit`.`id_promo` = `LNM_promo`.`id_promo`\r\n  JOIN `LNM_statut` ON `LNM_statut`.`id_statut` = `LNM_promo`.`id_statut`\r\n  JOIN `LNM_filiere` \r\n       ON `LNM_filiere`.`id_filiere` = `LNM_promo`.`id_filiere`\r\n  JOIN `MAQUETTE_discipline`\r\n       ON `MAQUETTE_discipline`.`id_discipline` = `MAQUETTE_module`.`id_discipline`\r\nJOIN (\r\n    SELECT `code_module`, SUM(`duree_h`) as hCequenced\r\n    FROM `MAQUETTE_module_sequencage` \r\n    JOIN `MAQUETTE_module_sequence` ON `MAQUETTE_module_sequence`.id_module_sequencage = `MAQUETTE_module_sequencage`.id_module_sequencage\r\n    JOIN `MAQUETTE_module` ON `MAQUETTE_module`.`id_module` = `MAQUETTE_module_sequencage`.`id_module`\r\n    GROUP BY `code_module`) sequenced ON  sequenced.`code_module` = `MAQUETTE_module`.`code_module`\r\nWHERE 1;'),
(21, 20, '1 Intervention par CMTDTP', 'Enseignant', 'SELECT LNM_enseignant.prenom, LNM_enseignant.nom, \r\nSUM(case when LNM_seanceType.type = \"CM\" THEN MAQUETTE_module_sequencage.duree_h END) AS \"CM\",\r\nSUM(case when LNM_seanceType.type = \"TD\" THEN MAQUETTE_module_sequencage.duree_h END) AS \"TD\",\r\nSUM(case when LNM_seanceType.type = \"TP\" THEN MAQUETTE_module_sequencage.duree_h END) AS \"TP\"\r\nFROM `MAQUETTE_module` \r\nJOIN MAQUETTE_module_sequencage ON MAQUETTE_module_sequencage.id_module = MAQUETTE_module.id_module\r\nJOIN MAQUETTE_module_sequence ON MAQUETTE_module_sequence.id_module_sequencage = MAQUETTE_module_sequencage.id_module_sequencage\r\nJOIN CLASS_session_to_be_affected ON CLASS_session_to_be_affected.id_module_sequence = MAQUETTE_module_sequence.id_module_sequence\r\nJOIN LNM_groupe ON LNM_groupe.id_groupe = CLASS_session_to_be_affected.id_groupe\r\nJOIN CLASS_session_to_be_affected_as_enseignant ON CLASS_session_to_be_affected_as_enseignant.id_seance_to_be_affected = CLASS_session_to_be_affected.id_seance_to_be_affected\r\nJOIN LNM_enseignant ON LNM_enseignant.id_enseignant = CLASS_session_to_be_affected_as_enseignant.id_enseignant\r\nJOIN LNM_seanceType ON LNM_seanceType.id_seance_type = MAQUETTE_module_sequencage.id_seance_type\r\nWHERE 1\r\nGROUP BY LNM_enseignant.prenom, LNM_enseignant.nom\r\nORDER BY `LNM_enseignant`.`nom` DESC;'),
(22, 20, '0 Intervention : Charge', 'Enseignant', 'SELECT LNM_enseignant.prenom, LNM_enseignant.nom, \r\nSUM(\r\nCASE \r\nWHEN LNM_seanceType.type = \"CM\" THEN MAQUETTE_module_sequencage.duree_h \r\nWHEN LNM_seanceType.type = \"TD\" THEN MAQUETTE_module_sequencage.duree_h\r\nWHEN LNM_seanceType.type = \"TP\" THEN MAQUETTE_module_sequencage.duree_h \r\nEND) AS \"Charge\"\r\nFROM `MAQUETTE_module` \r\nJOIN MAQUETTE_module_sequencage ON MAQUETTE_module_sequencage.id_module = MAQUETTE_module.id_module\r\nJOIN MAQUETTE_module_sequence ON MAQUETTE_module_sequence.id_module_sequencage = MAQUETTE_module_sequencage.id_module_sequencage\r\nJOIN CLASS_session_to_be_affected ON CLASS_session_to_be_affected.id_module_sequence = MAQUETTE_module_sequence.id_module_sequence\r\nJOIN LNM_groupe ON LNM_groupe.id_groupe = CLASS_session_to_be_affected.id_groupe\r\nJOIN CLASS_session_to_be_affected_as_enseignant ON CLASS_session_to_be_affected_as_enseignant.id_seance_to_be_affected = CLASS_session_to_be_affected.id_seance_to_be_affected\r\nJOIN LNM_enseignant ON LNM_enseignant.id_enseignant = CLASS_session_to_be_affected_as_enseignant.id_enseignant\r\nJOIN LNM_seanceType ON LNM_seanceType.id_seance_type = MAQUETTE_module_sequencage.id_seance_type\r\nWHERE 1\r\nGROUP BY LNM_enseignant.prenom, LNM_enseignant.nom\r\nORDER BY `LNM_enseignant`.`nom` DESC;'),
(23, 10, 'Enseignant sans cours', 'Check', 'SELECT `LNM_enseignant`.* \r\nFROM `LNM_enseignant` \r\nLEFT JOIN CLASS_session_to_be_affected_as_enseignant ON CLASS_session_to_be_affected_as_enseignant.id_enseignant = LNM_enseignant.id_enseignant\r\nWHERE CLASS_session_to_be_affected_as_enseignant.id_enseignant IS NUll;'),
(24, 10, 'Erreur de nombre de séquences', 'Check', 'SELECT MAQUETTE_module.code_module, LNM_seanceType.type, LNM_groupe_type.groupe_type, max(MAQUETTE_module_sequencage.nombre) - count(`MAQUETTE_module_sequence`.`numero_ordre`) \r\nFROM `MAQUETTE_module_sequence` \r\nJOIN MAQUETTE_module_sequencage ON MAQUETTE_module_sequencage.id_module_sequencage = MAQUETTE_module_sequence.id_module_sequencage\r\nJOIN MAQUETTE_module ON MAQUETTE_module.id_module = MAQUETTE_module_sequencage.id_module\r\nJOIN LNM_seanceType ON LNM_seanceType.id_seance_type = MAQUETTE_module_sequencage.id_seance_type\r\nJOIN LNM_groupe_type ON LNM_groupe_type.id_groupe_type = MAQUETTE_module_sequencage.id_groupe_type\r\nWHERE 1\r\nGROUP BY MAQUETTE_module.code_module, LNM_seanceType.type, LNM_groupe_type.groupe_type  \r\nHAVING max(MAQUETTE_module_sequencage.nombre) - count(`MAQUETTE_module_sequence`.`numero_ordre`) != 0;');

--
-- Déchargement des données de la table `VIEW_parameters_of_views`
--

INSERT INTO `VIEW_parameters_of_views` (`id_parameters_of_views`, `userId`, `sessionId`, `id_semestre`, `id_module`, `id_discipline`, `id_enseignant`, `id_filiere`, `id_statut`) VALUES
(1, NULL, 'e583ca905ac5bcc21b8f015172c71ed2', NULL, NULL, NULL, NULL, NULL, NULL),
(50, NULL, '7278073a646f5118a9d6e401d0cd967d', 5, NULL, 1, NULL, NULL, NULL),
(59, NULL, '0cab77029919bd30cc6d53187714a891', 5, NULL, NULL, NULL, NULL, NULL),
(64, 18, '99f769ebef3146fdf75accaaf16d73a5', NULL, NULL, NULL, NULL, NULL, NULL),
(65, 18, 'b9f2daf8346b6d2e933c368c4c5fc1bb', NULL, NULL, NULL, NULL, NULL, NULL),
(66, 18, 'ccb0e62cc099bf873e68a9f637263c2f', NULL, NULL, NULL, NULL, NULL, NULL),
(67, 18, '14db8a0e998b7d0a7f152a172acd21a0', NULL, NULL, NULL, NULL, NULL, NULL),
(68, 18, '371e6af6f1545e936a07598abe63dae3', NULL, NULL, NULL, NULL, NULL, NULL),
(69, 18, '2aa8482f0f8ba0f5c76533962dcc5c16', NULL, NULL, NULL, NULL, NULL, NULL),
(70, 18, '282606f031dd1e2c97b00a4b8e9a48e4', NULL, NULL, NULL, NULL, NULL, NULL),
(71, 18, '0ed917a1af350a1ebeb3f35815caa590', NULL, NULL, NULL, NULL, NULL, NULL),
(73, 18, '5d6fa60ca6a365aff075dfee678324bf', NULL, NULL, NULL, NULL, NULL, NULL),
(74, 18, '701deec9aaad0a761d38e249b93ae304', NULL, NULL, NULL, NULL, NULL, NULL),
(76, 18, '426f5eab59b010fd113a561cebc6d1d5', NULL, NULL, NULL, NULL, NULL, NULL),
(78, 18, 'c7fd9f7c3d66b92ca7576b41e4e333e1', NULL, NULL, NULL, NULL, NULL, NULL),
(80, NULL, '0e6886fe6560dd235b9f5e7bf232b24c', NULL, 13, NULL, NULL, NULL, NULL),
(83, 18, '683ffacb923ad1c7022b0526162268cf', NULL, NULL, NULL, NULL, NULL, NULL),
(84, 18, '7ea7667ad9bedcb53b58d4929890f889', NULL, NULL, NULL, NULL, NULL, NULL),
(85, 18, '7099bae9e1850ec5118c90cdbdaa7850', NULL, NULL, NULL, NULL, NULL, NULL),
(87, 18, '53c865f5c1e4da8fbc2eccb6d9d7b0e4', NULL, NULL, NULL, NULL, NULL, NULL),
(88, 18, 'e89c706646a580606e80ab8b6cd19a36', NULL, NULL, NULL, NULL, NULL, NULL),
(90, NULL, 'd4b266aea096a5bdb4dfd6c03908332b', 3, 36, NULL, NULL, NULL, NULL),
(91, NULL, 'f27d8ef738a055021070e3a520905884', NULL, NULL, NULL, NULL, NULL, NULL),
(92, NULL, 'a1974918bccf1c6c30de91f30ed72f01', NULL, NULL, NULL, NULL, NULL, NULL),
(93, NULL, 'f22d6f023637d39a7301d1dc510ed3cd', 7, 52, 1, 8, NULL, NULL),
(104, 18, 'f9a414ed304804aed956cdca57a6454f', NULL, NULL, NULL, NULL, NULL, NULL),
(106, NULL, 'd83ee67ffbcaf221e93d3545ac6a0c7d', 4, 75, 1, 6, NULL, NULL),
(110, 6, '6e1c85653f5df890c10003af1daa68ec', 5, 43, 1, 6, NULL, NULL),
(115, 18, '4a92104cd6f81165038309fdf9f53a21', NULL, 45, NULL, NULL, NULL, NULL),
(117, NULL, 'abd79d5b65bca7192654c7213de7c0b2', NULL, NULL, NULL, NULL, NULL, NULL),
(121, 18, '9c632f076b892f271e327da67b2e3e11', NULL, 44, NULL, NULL, NULL, NULL),
(123, NULL, 'fa7c77b078eb390a9cc20b6b8b8ada72', 6, 74, 1, 17, NULL, NULL),
(129, NULL, 'a39e82a91f7e890c07f85aff7ba6c30b', NULL, 13, NULL, NULL, NULL, NULL),
(130, 17, '0d26a3937be43a94fba4f7d8b46264f3', NULL, NULL, NULL, NULL, NULL, NULL),
(131, NULL, '11904daf49384aa94d223b15e6e13f4c', 6, NULL, 1, 15, NULL, NULL),
(135, 15, '024e9a2f96c3780f72fe0921c7ea8414', 6, 46, NULL, NULL, NULL, NULL),
(137, NULL, 'd0d0c83b25088dc264d59ddd8dd16bea', NULL, NULL, NULL, NULL, NULL, NULL),
(138, 15, '3eab1e3794dba24404e2a33f1bb1c58d', NULL, NULL, NULL, NULL, NULL, NULL),
(139, NULL, '721b5ad47529fbe79a587a08580cacc7', NULL, NULL, NULL, NULL, NULL, NULL),
(211, NULL, 'cbc0eaf907ab296857e9cb4cfbfea49d', 6, NULL, NULL, NULL, NULL, NULL),
(228, NULL, '9c77cd80084392d4f3a9cb16fa38dc10', NULL, NULL, NULL, NULL, NULL, NULL),
(229, NULL, 'af4ed4403c88f17b33959f5ea2d04244', NULL, NULL, NULL, NULL, NULL, NULL),
(230, 12, 'e50240ba41bd00b776a162fdf4312a96', NULL, NULL, NULL, 12, NULL, NULL),
(245, 12, 'c9ff5f29325d2017ed299c02d52ecde6', NULL, NULL, NULL, NULL, NULL, NULL),
(249, NULL, '619115a6a866f343aa42c9c4a9338975', 5, NULL, 1, NULL, NULL, NULL),
(277, 18, 'e50fa140800e62086224b36aee7c27c4', 5, NULL, 1, NULL, NULL, NULL),
(283, 18, '4fa32ce018c9175cadd5ba42e4418488', 5, NULL, NULL, NULL, NULL, NULL),
(288, NULL, '557b9d495b23d804a62c61617fab131d', NULL, NULL, NULL, NULL, NULL, NULL),
(289, 18, '93c36147101e55dd9491ea8815ba10a7', NULL, NULL, NULL, NULL, NULL, NULL),
(290, 18, 'e262460d11d07c11f585f9d38fa789d9', NULL, NULL, NULL, NULL, NULL, NULL),
(291, NULL, 'e48a4507dba65df82659a5e319cb1269', NULL, NULL, NULL, NULL, NULL, NULL),
(292, 18, '01ce4d8dff66d6f38f3b2445f1ca0597', 5, NULL, NULL, NULL, NULL, NULL),
(294, 18, '2ed3f041baa05a1f06603ea6e984e573', NULL, NULL, NULL, NULL, NULL, NULL),
(295, 18, 'aa1514c33da864b9fa2974993ec869ae', 5, NULL, NULL, NULL, NULL, NULL),
(299, NULL, 'bd723785b5f4bb5841611ae002027bf5', NULL, NULL, NULL, NULL, NULL, NULL),
(300, 18, '7484ed3b50506a638353f9ca5a0d17c4', 5, NULL, NULL, NULL, NULL, NULL),
(303, NULL, 'd7671df0fcf8a710cd24f6df15da3281', NULL, 179, NULL, 18, NULL, NULL),
(305, 18, '15df04e4a22973d12be1229cc1c62dfd', 5, NULL, NULL, NULL, NULL, NULL),
(308, NULL, '75d1e93a2efdfdda85f5363d97b705d2', 5, NULL, NULL, NULL, NULL, 2),
(318, NULL, 'ecc5b6547b647225f207a9a9957ffbe6', 5, NULL, NULL, NULL, NULL, 1),
(320, NULL, '83a7887090df0ce04f8aaf8bf890eca2', NULL, NULL, NULL, NULL, NULL, NULL),
(323, NULL, 'b7b98fc2d0ed494066af23235711c473', 5, NULL, NULL, 18, NULL, 1),
(331, NULL, 'a55cf5c42090495003997ee9e47053e4', NULL, NULL, NULL, NULL, NULL, NULL),
(333, 12, 'd2c165e93a5e846270153aa098178356', NULL, NULL, NULL, NULL, NULL, 2),
(342, NULL, '57484b69b1fb46865741722bc1660f59', NULL, NULL, NULL, NULL, NULL, 3),
(346, 12, 'c3170896dcc956202764121dcab9c906', NULL, NULL, NULL, NULL, NULL, 1),
(352, NULL, '0c4e493ff2d834ee62530fbd6da8c8da', NULL, NULL, NULL, NULL, NULL, NULL),
(353, NULL, '88506094cd12cdbe7d911681dcdd83fb', 5, NULL, NULL, NULL, NULL, 3),
(386, NULL, 'f053be83d8309fd67e2c5c19296ac8fc', NULL, NULL, NULL, NULL, NULL, NULL),
(387, NULL, 'ba0280f6de42e619f783472ffbc3f167', 6, NULL, NULL, NULL, NULL, 1),
(479, NULL, '6dbc5719c4ab229e4c2467f9f53918d0', NULL, NULL, NULL, NULL, NULL, NULL),
(480, 15, 'a8f7a440152b7b1d0a03d95213312016', 6, NULL, NULL, NULL, NULL, 3),
(562, NULL, '37a8db0ff9866559c34bc6080ca92152', NULL, NULL, NULL, NULL, NULL, NULL),
(563, 15, '12c81cadd31c65923023fe7560d13f42', NULL, NULL, NULL, NULL, NULL, 3),
(617, NULL, '526be17b9c4193499e2738b99f249a88', 5, NULL, NULL, NULL, NULL, NULL),
(634, 18, 'dba01021d5062757ad21972ea1ecc65c', 5, NULL, NULL, NULL, NULL, NULL),
(636, NULL, 'b3c0501a24c40451a27a115596a8ff63', NULL, NULL, NULL, NULL, NULL, NULL),
(637, 14, '839d591b34ad49fbde7b67271a1b6e11', 7, 55, 1, NULL, NULL, NULL),
(642, NULL, '69ef9449b3426dd452cec7953bccc87c', NULL, NULL, NULL, NULL, NULL, NULL),
(643, 14, '5fda40ada66dfb334ec35c8e474157b6', 7, 55, NULL, NULL, NULL, NULL),
(648, NULL, 'd081665957e1ee4101ecc2ae3fd24d95', NULL, NULL, NULL, NULL, NULL, 3),
(659, 18, 'a4a47757bbccef35bee716a6af54d234', 5, NULL, NULL, NULL, NULL, 1),
(663, 18, 'aa02a2677aa219c42076a12b63747daf', 5, NULL, NULL, NULL, NULL, 1),
(668, 18, '5235292f6fa521dc6e7a32fe4b1da52f', NULL, NULL, NULL, NULL, NULL, NULL),
(669, 18, '8ac0700444b959c2a92a8a17ed52f888', 5, NULL, NULL, NULL, NULL, 1),
(673, NULL, '3c60d7160ec441e70e5f139620b1b1a2', 9, NULL, NULL, NULL, NULL, 3),
(677, NULL, 'b1a1cfe191e29809f355bc619d282625', 9, NULL, NULL, NULL, NULL, 1),
(701, 18, '654020d702c70faaafcd2bcee0f4e1a0', NULL, NULL, NULL, NULL, NULL, NULL),
(703, 18, 'f0b2004dae1ca1209ef98fa4e46220db', NULL, NULL, NULL, NULL, NULL, NULL),
(704, NULL, 'a13c2a7d9ee34e08e2d50c9ef7c5b491', NULL, NULL, NULL, NULL, NULL, NULL),
(705, 18, '20389f6309ec3bf3c9413a3364517ff0', NULL, NULL, NULL, NULL, NULL, NULL),
(706, NULL, '605cea2e7b88f134a70198ad4b0a8367', NULL, NULL, NULL, NULL, NULL, NULL),
(707, NULL, 'e8f44ddf2a1aeb271f535c3a417a258a', NULL, NULL, NULL, NULL, NULL, NULL),
(708, 18, 'e5ef02135ebc1df78e00455b423c90f9', NULL, 12, NULL, NULL, NULL, NULL),
(710, 18, '56ada8a1f4aad55779317c23674b229d', NULL, 12, NULL, NULL, NULL, NULL),
(713, NULL, '577f4e019293d85abc8be812e980de8d', NULL, NULL, NULL, NULL, NULL, NULL),
(714, 18, 'f55ed1f4bb11520a7d9fe64e382f32a6', NULL, 12, NULL, NULL, NULL, NULL),
(715, NULL, '4f02183c5b78df5c9de5ee7515c33bec', NULL, NULL, NULL, NULL, NULL, NULL),
(716, 18, '8a90d2c35ea8464262099c35d522d08d', NULL, 13, NULL, NULL, NULL, NULL),
(720, NULL, 'e797f2d099344d3ac537fd7aac64b4a1', NULL, NULL, NULL, NULL, NULL, NULL),
(721, NULL, '5a37745cb1a1013333d9b61ff97867ec', NULL, NULL, NULL, NULL, NULL, NULL),
(722, 18, 'de424ed784cd742578fd14bee233167d', NULL, 12, NULL, NULL, NULL, NULL),
(726, NULL, 'f859fb7f4cdfd9eae29c4d75c657ba04', NULL, NULL, NULL, NULL, NULL, NULL),
(730, NULL, '2e84e4b3cd7626a24d86d026473be176', NULL, NULL, NULL, NULL, NULL, NULL),
(734, 18, '9f381b4d0e45e0b8cf97494deee192cf', NULL, 13, NULL, NULL, NULL, NULL),
(737, 18, '0fab937e441ffdd3bbc3fedda22fae6d', NULL, 13, NULL, NULL, NULL, NULL),
(739, NULL, '99ee73187a96fdf3363593979fc47eb2', NULL, NULL, NULL, NULL, NULL, NULL),
(740, 18, 'ad16c61893fb5a1d65325164fdf0ff42', NULL, 13, NULL, NULL, NULL, NULL),
(742, NULL, '2f37bbb7bc375a6fd100c3bc9f63ea93', NULL, NULL, NULL, NULL, NULL, NULL),
(743, NULL, '452f20c1d470739b34ec67861d3d2c93', NULL, NULL, NULL, NULL, NULL, NULL),
(744, 18, '5bd9233113ca437eda96f1c743a52e7e', NULL, 13, NULL, NULL, NULL, NULL),
(746, 18, 'a0ec6b7e511f1221536fb8f84da19681', NULL, 13, NULL, NULL, NULL, NULL),
(748, NULL, 'ddba51632ed1a67c056d7988bf27e376', NULL, NULL, NULL, NULL, NULL, NULL),
(749, 18, '67aeb1c41e55697bbf59cdc93b7e0050', NULL, 45, NULL, NULL, NULL, NULL),
(752, NULL, '6e4de7d4300782be173e0468a72cee9c', NULL, NULL, NULL, NULL, NULL, NULL),
(753, NULL, 'aa3e250a1e6bca0e080d7ccfde4ede4a', 1, NULL, NULL, NULL, NULL, NULL),
(761, NULL, '1c38b8ab86716a7f90d844fd42b827ba', NULL, NULL, NULL, NULL, NULL, NULL),
(762, 18, 'c45cfd05133e6e1632becf1ea2ea8501', NULL, 1, NULL, NULL, NULL, NULL),
(764, NULL, '625a1b5c74dbc398d3aaa0d79f698d32', NULL, NULL, NULL, NULL, NULL, NULL),
(765, 18, 'fec434f582ce9ec8a7489d7a829127cd', NULL, 1, NULL, NULL, NULL, NULL),
(767, NULL, '53caee51d16fc28ed166e91ca4ec76a4', NULL, NULL, NULL, NULL, NULL, NULL),
(768, 18, 'b3fc626836f69e9a9464a547f50b7cc0', NULL, 75, NULL, NULL, NULL, NULL),
(779, NULL, '59d984f3505389429c66a67901f31266', NULL, NULL, NULL, NULL, NULL, NULL),
(782, NULL, 'e68f387cf63126c43f146d811edba9c7', NULL, NULL, NULL, NULL, NULL, NULL),
(785, 18, 'ff9edb0038dc4d341b9f050a4a3534e8', 3, NULL, NULL, NULL, NULL, NULL),
(788, NULL, 'e36c76afcbf33d110fac6a92448c0986', NULL, NULL, NULL, NULL, NULL, NULL),
(789, 18, 'c705b2fc12f18bd3c37f34b869e71f12', 3, 36, NULL, NULL, NULL, NULL),
(792, NULL, '6616b239a938707c102f0d5f9db16193', NULL, NULL, NULL, NULL, NULL, NULL),
(793, 18, '96e8e582d74246522bfba4ef564349de', NULL, 36, NULL, NULL, NULL, NULL),
(795, NULL, '07c7832aa60bdf649f7ae4e42a40644c', NULL, NULL, NULL, NULL, NULL, NULL),
(796, 18, 'a5ee9cfa54d9df13e7ab8d3cc07c0125', 1, NULL, NULL, NULL, NULL, NULL),
(800, NULL, '1f51ca2f46d2074fe0aec1004bee1d8d', NULL, NULL, NULL, NULL, NULL, NULL),
(801, 18, 'de6070b4b6503147b62d3c7f05c95b00', 3, NULL, NULL, NULL, NULL, NULL),
(804, NULL, 'b3c78163aea6cafef40036fdc20d92df', NULL, NULL, NULL, NULL, NULL, NULL),
(805, 18, 'fded57c2b628204e18baddde84c6ae39', NULL, NULL, NULL, NULL, NULL, NULL),
(811, NULL, 'bd0c69def0b9e1b7159c1a710dae0667', NULL, NULL, NULL, NULL, NULL, NULL),
(816, NULL, '2ff491bae6953e4237999cb9e864e610', NULL, NULL, NULL, NULL, NULL, NULL),
(817, 18, '26d0a65db21fdb739d8a8e3bdab29fad', 5, 43, NULL, NULL, NULL, NULL),
(820, NULL, '9803dc20c22efb55a8155a26e3aa9851', NULL, NULL, NULL, NULL, NULL, NULL),
(821, 18, 'fb775ec90d0b1c0b7a7259c7447c68ad', NULL, 43, NULL, NULL, NULL, NULL),
(824, NULL, '53d1adbfad6ce65c2f776866036cf16f', NULL, NULL, NULL, NULL, NULL, NULL),
(825, 18, 'a62b5cd7cfb1df2e86e1747a0e4831f6', NULL, 43, NULL, NULL, NULL, NULL),
(828, NULL, '45508f3d4d5d20f8d6e5b35a2e27200a', NULL, NULL, NULL, NULL, NULL, NULL),
(829, 18, '461294b15d44dcebf9edc849f6c6eb28', 5, 45, NULL, NULL, NULL, 1),
(839, NULL, '7317d085bbbfd6d92b95b05bc721d11c', NULL, NULL, NULL, NULL, NULL, NULL),
(840, NULL, '9234c578145ed809764eb09ab5d6766d', NULL, NULL, NULL, NULL, NULL, NULL),
(841, 18, 'c155a706c9a0a92b6f0de8ad0d0ff997', NULL, 13, NULL, NULL, NULL, NULL),
(849, NULL, 'a5c5a6df7e3fae8fcaac9d4aca7358a0', NULL, NULL, NULL, NULL, NULL, NULL),
(850, 18, '937a0776378db1e148787a477b24ca50', NULL, 13, NULL, NULL, NULL, NULL),
(852, NULL, '9b5a9b82ed29bde2883c4a61f483388c', NULL, NULL, NULL, NULL, NULL, NULL),
(853, 18, 'e4ab480f21f3ec4e2abbaaf37dda7110', NULL, 12, NULL, NULL, NULL, NULL),
(862, NULL, '4a1e51535ea94e3ab7eba63d5916db06', 5, 12, NULL, NULL, NULL, NULL),
(864, NULL, '4f091218052216a2b45086c271c06d24', NULL, NULL, NULL, NULL, NULL, NULL),
(865, 18, '41abd59d268d098b4c53c40605f4aab8', NULL, 1, NULL, NULL, NULL, NULL),
(870, NULL, 'a4aeced0ca6705955a18a6aef6663c40', NULL, NULL, NULL, NULL, NULL, NULL),
(871, 18, '7d89b34580b44331029c4eaa3104e4e4', NULL, 12, NULL, NULL, NULL, NULL),
(877, NULL, '03246ddc1e3a085c0771cfb0132133cb', NULL, NULL, NULL, 18, NULL, NULL),
(878, NULL, '1d46ec259f2f297d16352ebce8418b3d', NULL, NULL, NULL, NULL, NULL, NULL),
(879, NULL, '71f52ac7b03c09296b1a957978644f01', NULL, 13, NULL, NULL, NULL, NULL),
(883, 14, 'c806685e475f2c570093ff630aff8f46', NULL, NULL, NULL, NULL, NULL, NULL),
(901, NULL, 'd5629d5a4f3aa6251cf1d3ed467693e9', NULL, NULL, NULL, NULL, NULL, NULL),
(902, NULL, 'bd5cb1d39e3b7c023d307418a35a102b', NULL, NULL, NULL, NULL, NULL, NULL),
(903, NULL, '27f4ab7838513e5bf838702a28a60a26', NULL, NULL, NULL, 17, NULL, NULL),
(906, NULL, '0f2358ae42554eef26ee27ffafbe7472', NULL, NULL, NULL, NULL, NULL, NULL),
(907, NULL, '1698de443a8f7224252430437a8ca7c7', NULL, NULL, NULL, NULL, NULL, NULL),
(908, NULL, '8c3165165d7bc4787b5aa18a00a6c968', NULL, NULL, NULL, NULL, NULL, NULL),
(912, NULL, 'b255b04c878e3970b00a94c245a52e6e', NULL, NULL, NULL, NULL, NULL, NULL),
(920, NULL, 'c7248ca1e4213fed2ae318386c560e94', NULL, NULL, NULL, 9, NULL, NULL),
(924, NULL, '34160ed9e324bff07f820a1eaefad9e5', NULL, NULL, NULL, NULL, NULL, NULL),
(938, 18, 'b07076a315def56c9653e9bfbddbd211', NULL, 12, NULL, NULL, NULL, NULL),
(942, NULL, '5214c5068607abdd9913b8ac21e5d67d', NULL, NULL, NULL, NULL, NULL, NULL),
(943, 18, '719fc84b57c50f78e923a5c9d9b9f42e', NULL, 179, NULL, NULL, NULL, NULL),
(952, NULL, 'bc85102d319892d4cda6017ba3b4c0f4', NULL, NULL, NULL, NULL, NULL, NULL),
(953, 18, 'cd6b7fad0909b387ca19344371f1e62c', NULL, 13, NULL, NULL, NULL, NULL),
(956, NULL, 'c5d15c32f31c421236fe13dc796c8f44', NULL, NULL, NULL, 30, NULL, NULL),
(964, 18, '81c316a0e3f8ae8a5b07c5b66e2dc489', NULL, 179, NULL, NULL, NULL, NULL),
(966, NULL, '3117f85886d126de78326ad773cfbf4f', NULL, NULL, NULL, NULL, NULL, NULL),
(967, 18, '68cf6921a1bd26d7b3730c4e37539672', NULL, NULL, NULL, 65, NULL, NULL),
(979, NULL, '63a6387a531e8c1b69ac444ddd6d4d2d', NULL, NULL, NULL, NULL, NULL, NULL),
(980, NULL, 'cfcf57a1971d1f7ae6ef7f093a46e277', NULL, 20, NULL, NULL, NULL, NULL),
(982, 18, '678926c2da4dfc342b6402394bd5010c', NULL, 20, NULL, NULL, NULL, NULL),
(984, 18, '211d55d0a9bb4cba0f200f8a91725250', NULL, NULL, NULL, 18, NULL, NULL),
(1006, NULL, '6d65e0969209a02a30eb3919e3b9fd62', NULL, NULL, NULL, 65, NULL, NULL),
(1008, 18, 'cf25c947543f235efcaa31ffa3954bfb', NULL, NULL, NULL, 65, NULL, NULL),
(1017, NULL, '499b7fe6fbce15c876b1f5782e5f0aad', NULL, NULL, NULL, NULL, NULL, NULL),
(1018, NULL, 'e2b2c80e2f776999bb882b6719c3519c', NULL, NULL, NULL, NULL, NULL, NULL),
(1019, NULL, '5fc8fbe1f3e1a1e230cc71eeb8bcc5dd', NULL, NULL, NULL, NULL, NULL, NULL),
(1023, NULL, 'ca25124786b803a8c2e7929923ec863f', NULL, NULL, NULL, NULL, 3, NULL),
(1034, 18, '4b595f19412b10e6884953dbf9e28a51', NULL, 13, NULL, NULL, NULL, NULL),
(1036, NULL, '6443c0cb3d1b737daa1b475dbfeab2b7', NULL, NULL, NULL, NULL, NULL, NULL),
(1037, NULL, '76b92b6a49cdcf8150e47a31716235ce', NULL, 42, NULL, NULL, NULL, NULL),
(1045, 18, '9120c61aa64a69794c5044b061a53eb4', NULL, 45, NULL, NULL, NULL, NULL),
(1050, NULL, 'd0ce17e9b4d1c3fa0827d98d765dde14', NULL, NULL, NULL, NULL, NULL, NULL),
(1051, 18, '879c9d7e3cc1d84eaf8ce4b8b280907d', NULL, 45, NULL, NULL, NULL, NULL),
(1056, NULL, '5c16d51ee35de6915b1ad2ef623ef1e8', NULL, NULL, NULL, 28, NULL, NULL),
(1061, 18, '979ee95c95a47b1ad2b2342cba2e7f92', NULL, 51, NULL, NULL, NULL, NULL),
(1063, NULL, 'd75878b02bd9b8561d384116b72fd65a', NULL, NULL, NULL, NULL, NULL, NULL),
(1064, 18, '7de9975925a4a50df5b40d8076ad67fd', NULL, 51, NULL, NULL, NULL, NULL),
(1068, NULL, 'f5ffdfc5d1fad246b3a795030794c475', NULL, NULL, NULL, NULL, NULL, NULL),
(1069, 18, '5c79ea74a9a4df0335305d725b0af19e', NULL, NULL, NULL, 28, NULL, NULL),
(1074, NULL, '111e2790d3b11472cad38b16c4da98f7', NULL, NULL, NULL, NULL, NULL, NULL),
(1075, NULL, '4ec9f9d2a37cc3080dc9fe322aff7631', NULL, 13, NULL, NULL, NULL, NULL),
(1077, 18, 'f91a5cba8cb2987d722efe42cf61c2b9', NULL, NULL, NULL, NULL, NULL, NULL),
(1078, NULL, '66200d09ad651360a937211ba81c66e5', NULL, NULL, NULL, NULL, NULL, NULL),
(1079, 18, 'c14bd413ebdf9d7a2ecc0cd042e4b044', NULL, 13, NULL, NULL, NULL, NULL),
(1081, NULL, '7359588b5dd96fe98731c8060718745b', NULL, 13, NULL, NULL, NULL, NULL),
(1083, 18, '245d2de32ba6f792fd8d7de9bbc5618f', NULL, 13, NULL, NULL, NULL, NULL),
(1087, NULL, '8c6b371e85b482f793acdb89f476ce5c', NULL, 45, NULL, NULL, NULL, NULL),
(1126, 18, '57e93597e0ef8a3e3455f177d578549f', NULL, 13, NULL, NULL, NULL, NULL),
(1135, 18, '9ece4f0e873d914e4b20d285aac01abb', NULL, 13, NULL, NULL, NULL, NULL),
(1137, NULL, 'fd63d39cbda029346e2ff2f93db45fb7', NULL, NULL, NULL, NULL, NULL, NULL);

--
-- Déchargement des données de la table `VIEW_updatable`
--

INSERT INTO `VIEW_updatable` (`id_updatable`, `sortIndex`, `table_name`, `table_name_displayed`, `group_of_views`, `allow_insert`, `allow_update`, `request`) VALUES
(1, 1, 'MAQUETTE_module', 'Modules', 'Module', 1, 1, 'SELECT DISTINCT MAQUETTE_module.* \r\nFROM MAQUETTE_module\r\nJOIN MAQUETTE_discipline ON MAQUETTE_discipline.id_discipline=MAQUETTE_module.id_discipline\r\nJOIN LNM_semestre ON LNM_semestre.id_semestre=MAQUETTE_module.id_semestre\r\n\r\n  JOIN MAQUETTE_module_as_learning_unit ON MAQUETTE_module_as_learning_unit.id_module = MAQUETTE_module.id_module\r\n  JOIN MAQUETTE_learning_unit ON MAQUETTE_learning_unit.id_learning_unit = MAQUETTE_module_as_learning_unit.id_learning_unit\r\n  JOIN LNM_promo ON MAQUETTE_learning_unit.id_promo = LNM_promo.id_promo\r\n\r\nJOIN LNM_statut ON LNM_statut.id_statut = LNM_promo.id_statut\r\nJOIN LNM_filiere ON LNM_filiere.id_filiere = LNM_promo.id_filiere\r\nWHERE 1;'),
(2, 2, 'MAQUETTE_module_sequencage', 'Séquencages', 'Module', 1, 1, 'SELECT DISTINCT `MAQUETTE_module_sequencage`.* \r\nFROM `MAQUETTE_module_sequencage` \r\nJOIN MAQUETTE_module ON MAQUETTE_module.id_module=MAQUETTE_module_sequencage.id_module\r\nJOIN MAQUETTE_discipline ON MAQUETTE_discipline.id_discipline=MAQUETTE_module.id_discipline\r\nJOIN LNM_semestre ON LNM_semestre.id_semestre=MAQUETTE_module.id_semestre\r\n\r\n  JOIN MAQUETTE_module_as_learning_unit ON MAQUETTE_module_as_learning_unit.id_module = MAQUETTE_module.id_module\r\n  JOIN MAQUETTE_learning_unit ON MAQUETTE_learning_unit.id_learning_unit = MAQUETTE_module_as_learning_unit.id_learning_unit\r\n  JOIN LNM_promo ON MAQUETTE_learning_unit.id_promo = LNM_promo.id_promo\r\n\r\nJOIN LNM_statut ON LNM_statut.id_statut = LNM_promo.id_statut\r\nJOIN LNM_filiere ON LNM_filiere.id_filiere = LNM_promo.id_filiere\r\nWHERE 1;'),
(3, 3, 'MAQUETTE_dependance_sequence', 'Dépendances séquences', 'Module', 1, 1, 'SELECT `MAQUETTE_dependance_sequence`.* \r\nFROM `MAQUETTE_dependance_sequence` \r\nJOIN MAQUETTE_module_sequence ON MAQUETTE_module_sequence.id_module_sequence = MAQUETTE_dependance_sequence.id_sequence_prev \r\n\r\nJOIN MAQUETTE_module_sequencage ON MAQUETTE_module_sequencage.id_module_sequencage = MAQUETTE_module_sequence.id_module_sequencage\r\n\r\nJOIN MAQUETTE_module ON MAQUETTE_module.id_module=MAQUETTE_module_sequencage.id_module \r\nJOIN MAQUETTE_discipline ON MAQUETTE_discipline.id_discipline=MAQUETTE_module.id_discipline \r\nJOIN LNM_semestre ON LNM_semestre.id_semestre=MAQUETTE_module.id_semestre \r\nJOIN MAQUETTE_module_as_learning_unit ON MAQUETTE_module_as_learning_unit.id_module = MAQUETTE_module.id_module \r\nJOIN MAQUETTE_learning_unit ON MAQUETTE_learning_unit.id_learning_unit = MAQUETTE_module_as_learning_unit.id_learning_unit \r\nJOIN LNM_promo ON MAQUETTE_learning_unit.id_promo = LNM_promo.id_promo \r\nJOIN LNM_statut ON LNM_statut.id_statut = LNM_promo.id_statut \r\nJOIN LNM_filiere ON LNM_filiere.id_filiere = LNM_promo.id_filiere \r\nWHERE 1;'),
(4, 4, 'MAQUETTE_module_as_learning_unit', 'Afectation Module UE', 'Module', 1, 1, 'SELECT MAQUETTE_module_as_learning_unit.* \r\nFROM MAQUETTE_module_as_learning_unit\r\nJOIN MAQUETTE_module ON MAQUETTE_module.id_module = MAQUETTE_module_as_learning_unit.id_module\r\nJOIN MAQUETTE_discipline ON MAQUETTE_discipline.id_discipline = MAQUETTE_module.id_discipline\r\nJOIN LNM_semestre ON LNM_semestre.id_semestre = MAQUETTE_module.id_semestre\r\n JOIN MAQUETTE_learning_unit ON MAQUETTE_learning_unit.id_learning_unit = MAQUETTE_module_as_learning_unit.id_learning_unit\r\nJOIN LNM_promo ON MAQUETTE_learning_unit.id_promo = LNM_promo.id_promo\r\nJOIN LNM_statut ON LNM_statut.id_statut = LNM_promo.id_statut\r\nJOIN LNM_filiere ON LNM_filiere.id_filiere = LNM_promo.id_filiere\r\nWHERE 1;'),
(5, 5, 'CLASS_session_type_to_be_affected_as_enseignant', 'Affectation types séances', 'Module', 0, 1, 'SELECT `CLASS_session_type_to_be_affected_as_enseignant`.* \r\nFROM `CLASS_session_type_to_be_affected_as_enseignant`\r\n\r\nJOIN CLASS_session_type_to_be_affected ON CLASS_session_type_to_be_affected.id_type_seance_to_be_affected = CLASS_session_type_to_be_affected_as_enseignant.id_type_seance_to_be_affected\r\nJOIN LNM_groupe ON LNM_groupe.id_groupe = CLASS_session_type_to_be_affected.id_groupe\r\nJOIN MAQUETTE_module_sequencage ON MAQUETTE_module_sequencage.id_module_sequencage = CLASS_session_type_to_be_affected.id_module_sequencage\r\n\r\nJOIN MAQUETTE_module ON MAQUETTE_module.id_module = MAQUETTE_module_sequencage.id_module\r\nJOIN MAQUETTE_discipline ON MAQUETTE_discipline.id_discipline = MAQUETTE_module.id_discipline\r\nJOIN LNM_semestre ON LNM_semestre.id_semestre = MAQUETTE_module.id_semestre\r\nJOIN MAQUETTE_module_as_learning_unit ON MAQUETTE_module_as_learning_unit.id_module = MAQUETTE_module.id_module\r\nJOIN MAQUETTE_learning_unit ON MAQUETTE_learning_unit.id_learning_unit = MAQUETTE_module_as_learning_unit.id_learning_unit\r\nJOIN LNM_promo ON LNM_promo.id_promo = MAQUETTE_learning_unit.id_promo AND LNM_groupe.id_promo = LNM_promo.id_promo\r\n\r\nJOIN LNM_statut ON LNM_statut.id_statut = LNM_promo.id_statut\r\nJOIN LNM_filiere ON LNM_filiere.id_filiere = LNM_promo.id_filiere\r\nWHERE 1;'),
(6, 6, 'CLASS_session_to_be_affected_as_enseignant', 'Affectation séances', 'Module', 0, 1, 'SELECT `CLASS_session_to_be_affected_as_enseignant`.* \r\nFROM `CLASS_session_to_be_affected_as_enseignant`\r\n\r\nJOIN CLASS_session_to_be_affected ON CLASS_session_to_be_affected.id_seance_to_be_affected = `CLASS_session_to_be_affected_as_enseignant`.`id_seance_to_be_affected`\r\nJOIN LNM_groupe ON LNM_groupe.id_groupe = CLASS_session_to_be_affected.id_groupe\r\nJOIN MAQUETTE_module_sequence ON MAQUETTE_module_sequence.id_module_sequence = CLASS_session_to_be_affected.id_module_sequence\r\nJOIN MAQUETTE_module_sequencage ON MAQUETTE_module_sequencage.id_module_sequencage = MAQUETTE_module_sequence.id_module_sequencage\r\n\r\nJOIN MAQUETTE_module ON MAQUETTE_module.id_module = MAQUETTE_module_sequencage.id_module\r\nJOIN MAQUETTE_discipline ON MAQUETTE_discipline.id_discipline = MAQUETTE_module.id_discipline\r\nJOIN LNM_semestre ON LNM_semestre.id_semestre = MAQUETTE_module.id_semestre\r\nJOIN MAQUETTE_module_as_learning_unit ON MAQUETTE_module_as_learning_unit.id_module = MAQUETTE_module.id_module\r\nJOIN MAQUETTE_learning_unit ON MAQUETTE_learning_unit.id_learning_unit = MAQUETTE_module_as_learning_unit.id_learning_unit\r\nJOIN LNM_promo ON LNM_promo.id_promo = MAQUETTE_learning_unit.id_promo AND LNM_groupe.id_promo = LNM_promo.id_promo\r\n\r\nJOIN LNM_statut ON LNM_statut.id_statut = LNM_promo.id_statut\r\nJOIN LNM_filiere ON LNM_filiere.id_filiere = LNM_promo.id_filiere\r\nWHERE 1;\r\n'),
(7, 1, 'APC_apprentissage_critique_as_module', 'Apprentissage Critique 2 Module', 'APC', 1, 1, 'SELECT DISTINCT APC_apprentissage_critique_as_module.* \r\nFROM APC_apprentissage_critique_as_module\r\nJOIN MAQUETTE_module ON APC_apprentissage_critique_as_module.id_module = MAQUETTE_module.id_module\r\nJOIN APC_apprentissage_critique ON APC_apprentissage_critique_as_module.id_apprentissage_critique = APC_apprentissage_critique.id_apprentissage_critique\r\nJOIN APC_niveau ON APC_apprentissage_critique.id_niveau = APC_niveau.id_niveau\r\nJOIN APC_competence ON APC_niveau.id_competence = APC_competence.id_competence\r\nJOIN APC_competence_as_filiere_as_statut ON APC_competence.id_competence = APC_competence_as_filiere_as_statut.id_competence\r\n\r\n\r\n  JOIN MAQUETTE_module_as_learning_unit ON MAQUETTE_module_as_learning_unit.id_module = MAQUETTE_module.id_module\r\n  JOIN MAQUETTE_learning_unit ON MAQUETTE_learning_unit.id_learning_unit = MAQUETTE_module_as_learning_unit.id_learning_unit\r\n  JOIN LNM_promo ON MAQUETTE_learning_unit.id_promo = LNM_promo.id_promo\r\n\r\nJOIN LNM_statut ON LNM_statut.id_statut = LNM_promo.id_statut AND LNM_statut.id_statut = APC_competence_as_filiere_as_statut.id_status\r\nJOIN LNM_filiere ON LNM_filiere.id_filiere = LNM_promo.id_filiere AND LNM_filiere.id_filiere = APC_competence_as_filiere_as_statut.is_filiere\r\nWHERE 1;');

--
-- Déchargement des données de la table `LNM_universite`
--

INSERT INTO `LNM_universite` (`id_universite`, `nom`, `nom_court`, `ville`, `pays`) VALUES
(1, 'Fachhochschule Aachen', 'Fachhochschule Aachen', 'Aachen', 'Allemagne'),
(2, 'Hochschule Heilbronn', 'Hochschule Heilbronn', 'Heilbronn', 'Allemagne'),
(3, 'Hochschule Kaiserslautern', 'Hochschule Kaiserslautern', 'Kaiserslautern', 'Allemagne'),
(4, 'TU Bergakademie Freiberg', 'TU Bergakademie Freiberg', 'Freiberg', 'Allemagne'),
(5, 'Hochschule Magdeburg', 'Hochschule Magdeburg', 'Magdebourg', 'Allemagne'),
(6, 'TU Braunschweig Carolo Wilhelmina', 'TU Braunschweig Carolo Wilhelmina', 'Braunschweig', 'Allemagne'),
(7, 'Universität Stuttgart', 'Universität Stuttgart', 'Stuttgart', 'Allemagne'),
(8, 'Universidad Nacional de La Plata (UNLP)', 'Universidad Nacional de La Plata (UNLP)', 'La Plata', 'Argentine'),
(9, 'Universidad Nacional de Cuyo', 'Universidad Nacional de Cuyo', 'Mendoza', 'Argentine'),
(10, 'Fachhochschule Technikum Wien', 'Fachhochschule Technikum Wien', 'Vienne', 'Autriche'),
(11, 'Université de Liège', 'Université de Liège', 'Liège', 'Belgique'),
(12, 'Haute Ecole de la Communauté Française en Hainaut', 'Haute Ecole de la Communauté Française en Hainaut', 'Mons', 'Belgique'),
(13, 'Haute Ecole de la Province de Liège', 'Haute Ecole de la Province de Liège', 'Liège', 'Belgique'),
(14, 'Universidade Federal de Viçosa', 'Universidade Federal de Viçosa', 'Viçosa', 'Brésil'),
(15, 'Ecole de Technologie Supérieure (ETS)', 'Ecole de Technologie Supérieure (ETS)', 'Montréal', 'Canada'),
(16, 'Escuela Tecnica Superior de Ingeneria Informatica/Universidad de Sevilla', 'ETSII/Universidad de Sevilla', 'Sevilla', 'Espagne'),
(17, 'Universidad Zaragoza', 'Universidad Zaragoza', 'Saragosse', 'Espagne'),
(18, 'Escuela Tecnica Superior de Ingenieria de Sistemas Informaticos / Universidad Politecnica Madrid', 'ETSISI / Universidad Politecnica Madrid', 'Madrid', 'Espagne'),
(19, 'University of Hyogo', 'University of Hyogo', 'Hyogo', 'Japon'),
(20, 'Norges Teknisk-Naturvitenskaplige Universitet (NTNU)', 'NTNU', 'Trondheim', 'Norvège'),
(21, 'Universitatea de Vest din Timisoara', 'Universitatea de Vest din Timisoara', 'Timisoara', 'Roumanie'),
(22, 'BFH Bern University of Applied Sciences', 'BFH Bern University of Applied Sciences', 'Bern', 'Suisse');


SET FOREIGN_KEY_CHECKS=1;
COMMIT;

/*!40101 SET CHARACTER_SET_CLIENT=@OLD_CHARACTER_SET_CLIENT */;
/*!40101 SET CHARACTER_SET_RESULTS=@OLD_CHARACTER_SET_RESULTS */;
/*!40101 SET COLLATION_CONNECTION=@OLD_COLLATION_CONNECTION */;
